<?xml version="1.0"?>
<b:Sources SelectedStyle="" xmlns:b="http://schemas.openxmlformats.org/officeDocument/2006/bibliography" xmlns="http://schemas.openxmlformats.org/officeDocument/2006/bibliography"><b:Source><b:Tag>Nus</b:Tag><b:SourceType>ConferenceProceedings</b:SourceType><b:Guid>{C0D7B815-723C-4571-B25F-A535C693A626}</b:Guid><b:Title>Requirements engineering: a roadmap</b:Title><b:ConferenceName>Proceedings of the Conference on The Future of Software Engineering</b:ConferenceName><b:Author><b:Author><b:NameList><b:Person><b:Last>Nuseibeh</b:Last><b:First>Bashar</b:First></b:Person><b:Person><b:Last>Easterbrook</b:Last><b:First>Steve</b:First></b:Person></b:NameList></b:Author></b:Author></b:Source><b:Source><b:Tag>Ber08</b:Tag><b:SourceType>ConferenceProceedings</b:SourceType><b:Guid>{312BECF3-D7F2-42E3-9D72-654D325527E5}</b:Guid><b:Author><b:Author><b:NameList><b:Person><b:Last>Berini</b:Last><b:First>Carole</b:First></b:Person></b:NameList></b:Author></b:Author><b:Title>Cetaceans in the Ocean</b:Title><b:Year>2008</b:Year><b:ConferenceName>Proceedings of Marine Fisheries in Atlanta 2008</b:ConferenceName></b:Source></b:Sources>
