<?xml version="1.0"?>

<!DOCTYPE MODE SYSTEM "xmode.dtd">

<!--
  VAX Macro32 Assembly mode by Mark Wickens (m.wickens@rhodium-consulting.com)
	based on
	x86 Assembly mode by Kristian Ovaska (kristian.ovaska@helsinki.fi)
-->

<MODE>

	<PROPS>
		<PROPERTY NAME="lineComment" VALUE=";" />
	</PROPS>

	<RULES HIGHLIGHT_DIGITS="TRUE" IGNORE_CASE="TRUE">
		<EOL_SPAN TYPE="COMMENT1">;</EOL_SPAN>

		<SPAN TYPE="LITERAL1" NO_LINE_BREAK="TRUE">
			<BEGIN>'</BEGIN>
			<END>'</END>
		</SPAN>

		<SPAN TYPE="LITERAL1" NO_LINE_BREAK="TRUE">
			<BEGIN>"</BEGIN>
			<END>"</END>
		</SPAN>

		<!-- NASM: label inside a macro -->
		<MARK_FOLLOWING TYPE="LABEL" EXCLUDE_MATCH="TRUE"
			AT_LINE_START="TRUE">%%</MARK_FOLLOWING>

		<MARK_FOLLOWING TYPE="KEYWORD2" AT_LINE_START="TRUE">%</MARK_FOLLOWING>

		<MARK_PREVIOUS TYPE="LABEL" EXCLUDE_MATCH="TRUE"
			AT_LINE_START="TRUE">:</MARK_PREVIOUS>

		<!-- Unary Operators -->
		<SEQ TYPE="OPERATOR">B^</SEQ>
		<SEQ TYPE="OPERATOR">D^</SEQ>
		<SEQ TYPE="OPERATOR">O^</SEQ>
		<SEQ TYPE="OPERATOR">X^</SEQ>
		<SEQ TYPE="OPERATOR">A^</SEQ>
		<SEQ TYPE="OPERATOR">M^</SEQ>
		<SEQ TYPE="OPERATOR">F^</SEQ>
		<SEQ TYPE="OPERATOR">C^</SEQ>
		<SEQ TYPE="OPERATOR">L^</SEQ>
		<SEQ TYPE="OPERATOR">G^</SEQ>
		<SEQ TYPE="OPERATOR">^</SEQ>
		
		<!-- Binary Operators -->
		<SEQ TYPE="OPERATOR">+</SEQ>
		<SEQ TYPE="OPERATOR">-</SEQ>
		<SEQ TYPE="OPERATOR">/</SEQ>
		<SEQ TYPE="OPERATOR">*</SEQ>
		<SEQ TYPE="OPERATOR">@</SEQ>
		<SEQ TYPE="OPERATOR">#</SEQ>
		<SEQ TYPE="OPERATOR">&amp;</SEQ>
		<SEQ TYPE="OPERATOR">!</SEQ>
		<SEQ TYPE="OPERATOR">\</SEQ>

		<KEYWORDS>
			<!-- Directives -->
			<KEYWORD1>.ADDRESS</KEYWORD1>
			<KEYWORD1>.ALIGN</KEYWORD1>
			<KEYWORD1>.ALIGN</KEYWORD1>
			<KEYWORD1>.ASCIC</KEYWORD1>
			<KEYWORD1>.ASCID</KEYWORD1>
			<KEYWORD1>.ASCII</KEYWORD1>
			<KEYWORD1>.ASCIZ</KEYWORD1>
			<KEYWORD1>.BLKA</KEYWORD1>
			<KEYWORD1>.BLKB</KEYWORD1>
			<KEYWORD1>.BLKD</KEYWORD1>
			<KEYWORD1>.BLKF</KEYWORD1>
			<KEYWORD1>.BLKG</KEYWORD1>
			<KEYWORD1>.BLKH</KEYWORD1>
			<KEYWORD1>.BLKL</KEYWORD1>
			<KEYWORD1>.BLKO</KEYWORD1>
			<KEYWORD1>.BLKQ</KEYWORD1>
			<KEYWORD1>.BLKW</KEYWORD1>
			<KEYWORD1>.BYTE</KEYWORD1>
			<KEYWORD1>.CROSS</KEYWORD1>
			<KEYWORD1>.CROSS</KEYWORD1>
			<KEYWORD1>.DEBUG</KEYWORD1>
			<KEYWORD1>.DEFAULT</KEYWORD1>
			<KEYWORD1>.D_FLOATING</KEYWORD1>
			<KEYWORD1>.DISABLE</KEYWORD1>
			<KEYWORD1>.DOUBLE</KEYWORD1>
			<KEYWORD1>.DSABL</KEYWORD1>
			<KEYWORD1>.ENABL</KEYWORD1>
			<KEYWORD1>.ENABLE</KEYWORD1>
			<KEYWORD1>.END</KEYWORD1>
			<KEYWORD1>.ENDC</KEYWORD1>
			<KEYWORD1>.ENDM</KEYWORD1>
			<KEYWORD1>.ENDR</KEYWORD1>
			<KEYWORD1>.ENTRY</KEYWORD1>
			<KEYWORD1>.ERROR</KEYWORD1>
			<KEYWORD1>.EVEN</KEYWORD1>
			<KEYWORD1>.EXTERNAL</KEYWORD1>
			<KEYWORD1>.EXTRN</KEYWORD1>
			<KEYWORD1>.F_FLOATING</KEYWORD1>
			<KEYWORD1>.FLOAT</KEYWORD1>
			<KEYWORD1>.G_FLOATING</KEYWORD1>
			<KEYWORD1>.GLOBAL</KEYWORD1>
			<KEYWORD1>.GLOBL</KEYWORD1>
			<KEYWORD1>.H_FLOATING</KEYWORD1>
			<KEYWORD1>.IDENT</KEYWORD1>
			<KEYWORD1>.IF</KEYWORD1>
			<KEYWORD1>.IFF</KEYWORD1>
			<KEYWORD1>.IF_FALSE</KEYWORD1>
			<KEYWORD1>.IFT</KEYWORD1>
			<KEYWORD1>.IFTF</KEYWORD1>
			<KEYWORD1>.IF_TRUE</KEYWORD1>
			<KEYWORD1>.IF_TRUE_FALSE</KEYWORD1>
			<KEYWORD1>.IIF</KEYWORD1>
			<KEYWORD1>.IRP</KEYWORD1>
			<KEYWORD1>.IRPC</KEYWORD1>
			<KEYWORD1>.LIBRARY</KEYWORD1>
			<KEYWORD1>.LINK</KEYWORD1>
			<KEYWORD1>.LIST</KEYWORD1>
			<KEYWORD1>.LONG</KEYWORD1>
			<KEYWORD1>.MACRO</KEYWORD1>
			<KEYWORD1>.MASK</KEYWORD1>
			<KEYWORD1>.MCALL</KEYWORD1>
			<KEYWORD1>.MDELETE</KEYWORD1>
			<KEYWORD1>.MEXIT</KEYWORD1>
			<KEYWORD1>.NARG</KEYWORD1>
			<KEYWORD1>.NCHR</KEYWORD1>
			<KEYWORD1>.NLIST</KEYWORD1>
			<KEYWORD1>.NOCROSS</KEYWORD1>
			<KEYWORD1>.NOCROSS</KEYWORD1>
			<KEYWORD1>.NOSHOW</KEYWORD1>
			<KEYWORD1>.NOSHOW</KEYWORD1>
			<KEYWORD1>.NTYPE</KEYWORD1>
			<KEYWORD1>.OCTA</KEYWORD1>
			<KEYWORD1>.OCTA</KEYWORD1>
			<KEYWORD1>.ODD</KEYWORD1>
			<KEYWORD1>.OPDEF</KEYWORD1>
			<KEYWORD1>.PACKED</KEYWORD1>
			<KEYWORD1>.PAGE</KEYWORD1>
			<KEYWORD1>.PRINT</KEYWORD1>
			<KEYWORD1>.PSECT</KEYWORD1>
			<KEYWORD1>.PSECT</KEYWORD1>
			<KEYWORD1>.QUAD</KEYWORD1>
			<KEYWORD1>.QUAD</KEYWORD1>
			<KEYWORD1>.REF1</KEYWORD1>
			<KEYWORD1>.REF2</KEYWORD1>
			<KEYWORD1>.REF4</KEYWORD1>
			<KEYWORD1>.REF8</KEYWORD1>
			<KEYWORD1>.REF16</KEYWORD1>
			<KEYWORD1>.REPEAT</KEYWORD1>
			<KEYWORD1>.REPT</KEYWORD1>
			<KEYWORD1>.RESTORE</KEYWORD1>
			<KEYWORD1>.RESTORE_PSECT</KEYWORD1>
			<KEYWORD1>.SAVE</KEYWORD1>
			<KEYWORD1>.SAVE_PSECT</KEYWORD1>
			<KEYWORD1>.SBTTL</KEYWORD1>
			<KEYWORD1>.SHOW</KEYWORD1>
			<KEYWORD1>.SHOW</KEYWORD1>
			<KEYWORD1>.SIGNED_BYTE</KEYWORD1>
			<KEYWORD1>.SIGNED_WORD</KEYWORD1>
			<KEYWORD1>.SUBTITLE</KEYWORD1>
			<KEYWORD1>.TITLE</KEYWORD1>
			<KEYWORD1>.TRANSFER</KEYWORD1>
			<KEYWORD1>.WARN</KEYWORD1>
			<KEYWORD1>.WEAK</KEYWORD1>
			<KEYWORD1>.WORD</KEYWORD1>

			<!-- Registers -->
			<KEYWORD3>R0</KEYWORD3>
			<KEYWORD3>R1</KEYWORD3>
			<KEYWORD3>R2</KEYWORD3>
			<KEYWORD3>R3</KEYWORD3>
			<KEYWORD3>R4</KEYWORD3>
			<KEYWORD3>R5</KEYWORD3>
			<KEYWORD3>R6</KEYWORD3>
			<KEYWORD3>R7</KEYWORD3>
			<KEYWORD3>R8</KEYWORD3>
			<KEYWORD3>R9</KEYWORD3>
			<KEYWORD3>R10</KEYWORD3>
			<KEYWORD3>R11</KEYWORD3>
			<KEYWORD3>R12</KEYWORD3>
			<KEYWORD3>AP</KEYWORD3>
			<KEYWORD3>FP</KEYWORD3>
			<KEYWORD3>SP</KEYWORD3>
			<KEYWORD3>PC</KEYWORD3>

			<!-- Instructions -->
			<FUNCTION>ACBB</FUNCTION>
			<FUNCTION>ACBD</FUNCTION>
			<FUNCTION>ACBF</FUNCTION>
			<FUNCTION>ACBG</FUNCTION>
			<FUNCTION>ACBH</FUNCTION>
			<FUNCTION>ACBL</FUNCTION>
			<FUNCTION>ACBW</FUNCTION>
			<FUNCTION>ADAWI</FUNCTION>
			<FUNCTION>ADDB2</FUNCTION>
			<FUNCTION>ADDB3</FUNCTION>
			<FUNCTION>ADDD2</FUNCTION>
			<FUNCTION>ADDD3</FUNCTION>
			<FUNCTION>ADDF2</FUNCTION>
			<FUNCTION>ADDF3</FUNCTION>
			<FUNCTION>ADDG2</FUNCTION>
			<FUNCTION>ADDG3</FUNCTION>
			<FUNCTION>ADDH2</FUNCTION>
			<FUNCTION>ADDH3</FUNCTION>
			<FUNCTION>ADDL2</FUNCTION>
			<FUNCTION>ADDL3</FUNCTION>
			<FUNCTION>ADDP4</FUNCTION>
			<FUNCTION>ADDP6</FUNCTION>
			<FUNCTION>ADDW2</FUNCTION>
			<FUNCTION>ADDW3</FUNCTION>
			<FUNCTION>ADWC</FUNCTION>
			<FUNCTION>AOBLEQ</FUNCTION>
			<FUNCTION>AOBLSS</FUNCTION>
			<FUNCTION>ASHL</FUNCTION>
			<FUNCTION>ASHP</FUNCTION>
			<FUNCTION>ASHQ</FUNCTION>
			<FUNCTION>BBC</FUNCTION>
			<FUNCTION>BBCC</FUNCTION>
			<FUNCTION>BBCCI</FUNCTION>
			<FUNCTION>BBCS</FUNCTION>
			<FUNCTION>BBS</FUNCTION>
			<FUNCTION>BBSC</FUNCTION>
			<FUNCTION>BBSS</FUNCTION>
			<FUNCTION>BBSSI</FUNCTION>
			<FUNCTION>BCC</FUNCTION>
			<FUNCTION>BCS</FUNCTION>
			<FUNCTION>BEQL</FUNCTION>
			<FUNCTION>BEQLU</FUNCTION>
			<FUNCTION>BGEQ</FUNCTION>
			<FUNCTION>BGEQU</FUNCTION>
			<FUNCTION>BGTR</FUNCTION>
			<FUNCTION>BGTRU</FUNCTION>
			<FUNCTION>BICB2</FUNCTION>
			<FUNCTION>BICB3</FUNCTION>
			<FUNCTION>BICL2</FUNCTION>
			<FUNCTION>BICL3</FUNCTION>
			<FUNCTION>BICPSW</FUNCTION>
			<FUNCTION>BICW2</FUNCTION>
			<FUNCTION>BICW3</FUNCTION>
			<FUNCTION>BISB2</FUNCTION>
			<FUNCTION>BISB3</FUNCTION>
			<FUNCTION>BISL2</FUNCTION>
			<FUNCTION>BISL3</FUNCTION>
			<FUNCTION>BISPSW</FUNCTION>
			<FUNCTION>BISW2</FUNCTION>
			<FUNCTION>BISW3</FUNCTION>
			<FUNCTION>BITB</FUNCTION>
			<FUNCTION>BITL</FUNCTION>
			<FUNCTION>BITW</FUNCTION>
			<FUNCTION>BLBC</FUNCTION>
			<FUNCTION>BLBS</FUNCTION>
			<FUNCTION>BLEQ</FUNCTION>
			<FUNCTION>BLEQU</FUNCTION>
			<FUNCTION>BLSS</FUNCTION>
			<FUNCTION>BLSSU</FUNCTION>
			<FUNCTION>BNEQ</FUNCTION>
			<FUNCTION>BNEQU</FUNCTION>
			<FUNCTION>BPT</FUNCTION>
			<FUNCTION>BRB</FUNCTION>
			<FUNCTION>BRW</FUNCTION>
			<FUNCTION>BSBB</FUNCTION>
			<FUNCTION>BSBW</FUNCTION>
			<FUNCTION>BVC</FUNCTION>
			<FUNCTION>BVS</FUNCTION>
			<FUNCTION>CALLG</FUNCTION>
			<FUNCTION>CALLS</FUNCTION>
			<FUNCTION>CASEB</FUNCTION>
			<FUNCTION>CASEL</FUNCTION>
			<FUNCTION>CASEW</FUNCTION>
			<FUNCTION>CHME</FUNCTION>
			<FUNCTION>CHMK</FUNCTION>
			<FUNCTION>CHMS</FUNCTION>
			<FUNCTION>CHMU</FUNCTION>
			<FUNCTION>CLRB</FUNCTION>
			<FUNCTION>CLRD</FUNCTION>
			<FUNCTION>CLRF</FUNCTION>
			<FUNCTION>CLRG</FUNCTION>
			<FUNCTION>CLRH</FUNCTION>
			<FUNCTION>CLRL</FUNCTION>
			<FUNCTION>CLRO</FUNCTION>
			<FUNCTION>CLRQ</FUNCTION>
			<FUNCTION>CLRW</FUNCTION>
			<FUNCTION>CMPB</FUNCTION>
			<FUNCTION>CMPC3</FUNCTION>
			<FUNCTION>CMPC5</FUNCTION>
			<FUNCTION>CMPD</FUNCTION>
			<FUNCTION>CMPF</FUNCTION>
			<FUNCTION>CMPG</FUNCTION>
			<FUNCTION>CMPH</FUNCTION>
			<FUNCTION>CMPL</FUNCTION>
			<FUNCTION>CMPP3</FUNCTION>
			<FUNCTION>CMPP4</FUNCTION>
			<FUNCTION>CMPV</FUNCTION>
			<FUNCTION>CMPW</FUNCTION>
			<FUNCTION>CMPZV</FUNCTION>
			<FUNCTION>CRC</FUNCTION>
			<FUNCTION>CVTBD</FUNCTION>
			<FUNCTION>CVTBF</FUNCTION>
			<FUNCTION>CVTBG</FUNCTION>
			<FUNCTION>CVTBH</FUNCTION>
			<FUNCTION>CVTBL</FUNCTION>
			<FUNCTION>CVTBW</FUNCTION>
			<FUNCTION>CVTDB</FUNCTION>
			<FUNCTION>CVTDF</FUNCTION>
			<FUNCTION>CVTDH</FUNCTION>
			<FUNCTION>CVTDL</FUNCTION>
			<FUNCTION>CVTDW</FUNCTION>
			<FUNCTION>CVTFB</FUNCTION>
			<FUNCTION>CVTFD</FUNCTION>
			<FUNCTION>CVTFG</FUNCTION>
			<FUNCTION>CVTFH</FUNCTION>
			<FUNCTION>CVTFL</FUNCTION>
			<FUNCTION>CVTFW</FUNCTION>
			<FUNCTION>CVTGB</FUNCTION>
			<FUNCTION>CVTGF</FUNCTION>
			<FUNCTION>CVTGH</FUNCTION>
			<FUNCTION>CVTGL</FUNCTION>
			<FUNCTION>CVTGW</FUNCTION>
			<FUNCTION>CVTHB</FUNCTION>
			<FUNCTION>CVTHD</FUNCTION>
			<FUNCTION>CVTHF</FUNCTION>
			<FUNCTION>CVTHG</FUNCTION>
			<FUNCTION>CVTHL</FUNCTION>
			<FUNCTION>CVTHW</FUNCTION>
			<FUNCTION>CVTLB</FUNCTION>
			<FUNCTION>CVTLD</FUNCTION>
			<FUNCTION>CVTLF</FUNCTION>
			<FUNCTION>CVTLG</FUNCTION>
			<FUNCTION>CVTLH</FUNCTION>
			<FUNCTION>CVTLP</FUNCTION>
			<FUNCTION>CVTLW</FUNCTION>
			<FUNCTION>CVTPL</FUNCTION>
			<FUNCTION>CVTPS</FUNCTION>
			<FUNCTION>CVTPT</FUNCTION>
			<FUNCTION>CVTRDL</FUNCTION>
			<FUNCTION>CVTRFL</FUNCTION>
			<FUNCTION>CVTRGL</FUNCTION>
			<FUNCTION>CVTRHL</FUNCTION>
			<FUNCTION>CVTSP</FUNCTION>
			<FUNCTION>CVTTP</FUNCTION>
			<FUNCTION>CVTWB</FUNCTION>
			<FUNCTION>CVTWD</FUNCTION>
			<FUNCTION>CVTWF</FUNCTION>
			<FUNCTION>CVTWG</FUNCTION>
			<FUNCTION>CVTWH</FUNCTION>
			<FUNCTION>CVTWL</FUNCTION>
			<FUNCTION>DECB</FUNCTION>
			<FUNCTION>DECL</FUNCTION>
			<FUNCTION>DECW</FUNCTION>
			<FUNCTION>DIVB2</FUNCTION>
			<FUNCTION>DIVB3</FUNCTION>
			<FUNCTION>DIVD2</FUNCTION>
			<FUNCTION>DIVD3</FUNCTION>
			<FUNCTION>DIVF2</FUNCTION>
			<FUNCTION>DIVF3</FUNCTION>
			<FUNCTION>DIVG2</FUNCTION>
			<FUNCTION>DIVG3</FUNCTION>
			<FUNCTION>DIVH2</FUNCTION>
			<FUNCTION>DIVH3</FUNCTION>
			<FUNCTION>DIVL2</FUNCTION>
			<FUNCTION>DIVL3</FUNCTION>
			<FUNCTION>DIVP</FUNCTION>
			<FUNCTION>DIVW2</FUNCTION>
			<FUNCTION>DIVW3</FUNCTION>
			<FUNCTION>EDITPC</FUNCTION>
			<FUNCTION>EDIV</FUNCTION>
			<FUNCTION>EMODD</FUNCTION>
			<FUNCTION>EMODF</FUNCTION>
			<FUNCTION>EMODG</FUNCTION>
			<FUNCTION>EMODH</FUNCTION>
			<FUNCTION>EMUL</FUNCTION>
			<FUNCTION>EXTV</FUNCTION>
			<FUNCTION>EXTZV</FUNCTION>
			<FUNCTION>FFC</FUNCTION>
			<FUNCTION>FFS</FUNCTION>
			<FUNCTION>HALT</FUNCTION>
			<FUNCTION>INCB</FUNCTION>
			<FUNCTION>INCL</FUNCTION>
			<FUNCTION>INCW</FUNCTION>
			<FUNCTION>INDEX</FUNCTION>
			<FUNCTION>INSQHI</FUNCTION>
			<FUNCTION>INSQTI</FUNCTION>
			<FUNCTION>INSQUE</FUNCTION>
			<FUNCTION>INSV</FUNCTION>
			<FUNCTION>IOTA</FUNCTION>
			<FUNCTION>JMP</FUNCTION>
			<FUNCTION>JSB</FUNCTION>
			<FUNCTION>LDPCTX</FUNCTION>
			<FUNCTION>LOCC</FUNCTION>
			<FUNCTION>MATCHC</FUNCTION>
			<FUNCTION>MCOMB</FUNCTION>
			<FUNCTION>MCOML</FUNCTION>
			<FUNCTION>MCOMW</FUNCTION>
			<FUNCTION>MFPR</FUNCTION>
			<FUNCTION>MFVP</FUNCTION>
			<FUNCTION>MNEGB</FUNCTION>
			<FUNCTION>MNEGD</FUNCTION>
			<FUNCTION>MNEGF</FUNCTION>
			<FUNCTION>MNEGG</FUNCTION>
			<FUNCTION>MNEGH</FUNCTION>
			<FUNCTION>MNEGL</FUNCTION>
			<FUNCTION>MNEGW</FUNCTION>
			<FUNCTION>MOVAB</FUNCTION>
			<FUNCTION>MOVAD</FUNCTION>
			<FUNCTION>MOVAF</FUNCTION>
			<FUNCTION>MOVAG</FUNCTION>
			<FUNCTION>MOVAH</FUNCTION>
			<FUNCTION>MOVAL</FUNCTION>
			<FUNCTION>MOVAO</FUNCTION>
			<FUNCTION>MOVAQ</FUNCTION>
			<FUNCTION>MOVAW</FUNCTION>
			<FUNCTION>MOVB</FUNCTION>
			<FUNCTION>MOVC3</FUNCTION>
			<FUNCTION>MOVC5</FUNCTION>
			<FUNCTION>MOVD</FUNCTION>
			<FUNCTION>MOVF</FUNCTION>
			<FUNCTION>MOVG</FUNCTION>
			<FUNCTION>MOVH</FUNCTION>
			<FUNCTION>MOVL</FUNCTION>
			<FUNCTION>MOVO</FUNCTION>
			<FUNCTION>MOVP</FUNCTION>
			<FUNCTION>MOVPSL</FUNCTION>
			<FUNCTION>MOVQ</FUNCTION>
			<FUNCTION>MOVTC</FUNCTION>
			<FUNCTION>MOVTUC</FUNCTION>
			<FUNCTION>MOVW</FUNCTION>
			<FUNCTION>MOVZBL</FUNCTION>
			<FUNCTION>MOVZBW</FUNCTION>
			<FUNCTION>MOVZWL</FUNCTION>
			<FUNCTION>MTPR</FUNCTION>
			<FUNCTION>MTVP</FUNCTION>
			<FUNCTION>MULB2</FUNCTION>
			<FUNCTION>MULB3</FUNCTION>
			<FUNCTION>MULD2</FUNCTION>
			<FUNCTION>MULD3</FUNCTION>
			<FUNCTION>MULF2</FUNCTION>
			<FUNCTION>MULF3</FUNCTION>
			<FUNCTION>MULG2</FUNCTION>
			<FUNCTION>MULG3</FUNCTION>
			<FUNCTION>MULH2</FUNCTION>
			<FUNCTION>MULH3</FUNCTION>
			<FUNCTION>MULL2</FUNCTION>
			<FUNCTION>MULL3</FUNCTION>
			<FUNCTION>MULP</FUNCTION>
			<FUNCTION>MULW2</FUNCTION>
			<FUNCTION>MULW3</FUNCTION>
			<FUNCTION>NOP</FUNCTION>
			<FUNCTION>POLYD</FUNCTION>
			<FUNCTION>POLYF</FUNCTION>
			<FUNCTION>POLYG</FUNCTION>
			<FUNCTION>POLYH</FUNCTION>
			<FUNCTION>POPR</FUNCTION>
			<FUNCTION>PROBER</FUNCTION>
			<FUNCTION>PROBEW</FUNCTION>
			<FUNCTION>PUSHAB</FUNCTION>
			<FUNCTION>PUSHABL</FUNCTION>
			<FUNCTION>PUSHAL</FUNCTION>
			<FUNCTION>PUSHAD</FUNCTION>
			<FUNCTION>PUSHAF</FUNCTION>
			<FUNCTION>PUSHAG</FUNCTION>
			<FUNCTION>PUSHAH</FUNCTION>
			<FUNCTION>PUSHAL</FUNCTION>
			<FUNCTION>PUSHAO</FUNCTION>
			<FUNCTION>PUSHAQ</FUNCTION>
			<FUNCTION>PUSHAW</FUNCTION>
			<FUNCTION>PUSHL</FUNCTION>
			<FUNCTION>PUSHR</FUNCTION>
			<FUNCTION>REI</FUNCTION>
			<FUNCTION>REMQHI</FUNCTION>
			<FUNCTION>REMQTI</FUNCTION>
			<FUNCTION>REMQUE</FUNCTION>
			<FUNCTION>RET</FUNCTION>
			<FUNCTION>ROTL</FUNCTION>
			<FUNCTION>RSB</FUNCTION>
			<FUNCTION>SBWC</FUNCTION>
			<FUNCTION>SCANC</FUNCTION>
			<FUNCTION>SKPC</FUNCTION>
			<FUNCTION>SOBGEQ</FUNCTION>
			<FUNCTION>SOBGTR</FUNCTION>
			<FUNCTION>SPANC</FUNCTION>
			<FUNCTION>SUBB2</FUNCTION>
			<FUNCTION>SUBB3</FUNCTION>
			<FUNCTION>SUBD2</FUNCTION>
			<FUNCTION>SUBD3</FUNCTION>
			<FUNCTION>SUBF2</FUNCTION>
			<FUNCTION>SUBF3</FUNCTION>
			<FUNCTION>SUBG2</FUNCTION>
			<FUNCTION>SUBG3</FUNCTION>
			<FUNCTION>SUBH2</FUNCTION>
			<FUNCTION>SUBH3</FUNCTION>
			<FUNCTION>SUBL2</FUNCTION>
			<FUNCTION>SUBL3</FUNCTION>
			<FUNCTION>SUBP4</FUNCTION>
			<FUNCTION>SUBP6</FUNCTION>
			<FUNCTION>SUBW2</FUNCTION>
			<FUNCTION>SUBW3</FUNCTION>
			<FUNCTION>SVPCTX</FUNCTION>
			<FUNCTION>TSTB</FUNCTION>
			<FUNCTION>TSTD</FUNCTION>
			<FUNCTION>TSTF</FUNCTION>
			<FUNCTION>TSTG</FUNCTION>
			<FUNCTION>TSTH</FUNCTION>
			<FUNCTION>TSTL</FUNCTION>
			<FUNCTION>TSTW</FUNCTION>
			<FUNCTION>VGATHL</FUNCTION>
			<FUNCTION>VGATHQ</FUNCTION>
			<FUNCTION>VLDL</FUNCTION>
			<FUNCTION>VLDQ</FUNCTION>
			<FUNCTION>VSADDD</FUNCTION>
			<FUNCTION>VSADDF</FUNCTION>
			<FUNCTION>VSADDG</FUNCTION>
			<FUNCTION>VSADDL</FUNCTION>
			<FUNCTION>VSBICL</FUNCTION>
			<FUNCTION>VSBISL</FUNCTION>
			<FUNCTION>VSCATL</FUNCTION>
			<FUNCTION>VSCATQ</FUNCTION>
			<FUNCTION>VSCMPD</FUNCTION>
			<FUNCTION>VSCMPF</FUNCTION>
			<FUNCTION>VSCMPG</FUNCTION>
			<FUNCTION>VSCMPL</FUNCTION>
			<FUNCTION>VSDIVD</FUNCTION>
			<FUNCTION>VSDIVF</FUNCTION>
			<FUNCTION>VSDIVG</FUNCTION>
			<FUNCTION>VSMERGE</FUNCTION>
			<FUNCTION>VSMULD</FUNCTION>
			<FUNCTION>VSMULF</FUNCTION>
			<FUNCTION>VSMULG</FUNCTION>
			<FUNCTION>VSMULL</FUNCTION>
			<FUNCTION>VSSLLL</FUNCTION>
			<FUNCTION>VSSRLL</FUNCTION>
			<FUNCTION>VSSUBD</FUNCTION>
			<FUNCTION>VSSUBF</FUNCTION>
			<FUNCTION>VSSUBG</FUNCTION>
			<FUNCTION>VSSUBL</FUNCTION>
			<FUNCTION>VSTL</FUNCTION>
			<FUNCTION>VSTQ</FUNCTION>
			<FUNCTION>VSXORL</FUNCTION>
			<FUNCTION>VSYNC</FUNCTION>
			<FUNCTION>VVADDD</FUNCTION>
			<FUNCTION>VVADDF</FUNCTION>
			<FUNCTION>VVADDG</FUNCTION>
			<FUNCTION>VVADDL</FUNCTION>
			<FUNCTION>VVBICL</FUNCTION>
			<FUNCTION>VVBISL</FUNCTION>
			<FUNCTION>VVCMPD</FUNCTION>
			<FUNCTION>VVCMPF</FUNCTION>
			<FUNCTION>VVCMPG</FUNCTION>
			<FUNCTION>VVCMPL</FUNCTION>
			<FUNCTION>VVCVT</FUNCTION>
			<FUNCTION>VVDIVD</FUNCTION>
			<FUNCTION>VVDIVF</FUNCTION>
			<FUNCTION>VVDIVG</FUNCTION>
			<FUNCTION>VVMERGE</FUNCTION>
			<FUNCTION>VVMULD</FUNCTION>
			<FUNCTION>VVMULF</FUNCTION>
			<FUNCTION>VVMULG</FUNCTION>
			<FUNCTION>VVMULL</FUNCTION>
			<FUNCTION>VVSLLL</FUNCTION>
			<FUNCTION>VVSRLL</FUNCTION>
			<FUNCTION>VVSUBD</FUNCTION>
			<FUNCTION>VVSUBF</FUNCTION>
			<FUNCTION>VVSUBG</FUNCTION>
			<FUNCTION>VVSUBL</FUNCTION>
			<FUNCTION>VVXORL</FUNCTION>
			<FUNCTION>XFC</FUNCTION>
			<FUNCTION>XORB2</FUNCTION>
			<FUNCTION>XORB3</FUNCTION>
			<FUNCTION>XORL2</FUNCTION>
			<FUNCTION>XORL3</FUNCTION>
			<FUNCTION>XORW2</FUNCTION>
			<FUNCTION>XORW3</FUNCTION>
		</KEYWORDS>
	</RULES>
</MODE>
