<?xml version="1.0"?>

<!DOCTYPE MODE SYSTEM "xmode.dtd">

<MODE>
	<PROPS>
		<PROPERTY NAME="commentStart" VALUE="/*" />
		<PROPERTY NAME="commentEnd" VALUE="*/" />
		<PROPERTY NAME="indentOpenBrackets" VALUE="{" />
		<PROPERTY NAME="indentCloseBrackets" VALUE="}" />
		<PROPERTY NAME="noWordSep" VALUE="-" />
		<PROPERTY NAME="noWordSep" VALUE="_" />
	</PROPS>
	<RULES ESCAPE="\"
		IGNORE_CASE="TRUE"
		HIGHLIGHT_DIGITS="TRUE"
		DIGIT_RE="-?[\p{Digit}]+(pt|pc|in|mm|cm|em|ex|px|ms|s|%)"
		NO_WORD_SEP="-_%">

		<SEQ TYPE="OPERATOR">:</SEQ>
		<SEQ TYPE="NULL">;</SEQ>
		<SPAN TYPE="NULL" DELEGATE="LITERAL">
			<BEGIN>(</BEGIN>
			<END>)</END>
		</SPAN>
		<SEQ TYPE="OPERATOR">{</SEQ>
		<SEQ TYPE="OPERATOR">}</SEQ>
		<SEQ TYPE="NULL">,</SEQ>
		<SEQ TYPE="NULL">.</SEQ>

		<SEQ TYPE="OPERATOR">!</SEQ>

		<MARK_FOLLOWING TYPE="LITERAL2">#</MARK_FOLLOWING>

		<SPAN TYPE="COMMENT1">
			<BEGIN>/*</BEGIN>
			<END>*/</END>
		</SPAN>

		<KEYWORDS>
			<!-- CSS2 properties -->

			<!-- Color and background properties -->
			<KEYWORD2>background</KEYWORD2>
			<KEYWORD2>background-attachment</KEYWORD2>
			<KEYWORD2>background-color</KEYWORD2>
			<KEYWORD2>background-image</KEYWORD2>
			<KEYWORD2>background-position</KEYWORD2>
			<KEYWORD2>background-repeat</KEYWORD2>
			<KEYWORD2>color</KEYWORD2>

			<!-- Font properties -->
			<KEYWORD2>font</KEYWORD2>
			<KEYWORD2>font-family</KEYWORD2>
			<KEYWORD2>font-size</KEYWORD2>
			<KEYWORD2>font-size-adjust</KEYWORD2>
			<KEYWORD2>font-style</KEYWORD2>
			<KEYWORD2>font-variant</KEYWORD2>
			<KEYWORD2>font-weight</KEYWORD2>
			<KEYWORD2>font-stretch</KEYWORD2>
			<KEYWORD2>src</KEYWORD2>
			<KEYWORD2>definition-src</KEYWORD2>
			<KEYWORD2>unicode-range</KEYWORD2>
			<KEYWORD2>panose-1</KEYWORD2>
			<KEYWORD2>stemv</KEYWORD2>
			<KEYWORD2>stemh</KEYWORD2>
			<KEYWORD2>units-per-em</KEYWORD2>
			<KEYWORD2>slope</KEYWORD2>
			<KEYWORD2>cap-height</KEYWORD2>
			<KEYWORD2>x-height</KEYWORD2>
			<KEYWORD2>ascent</KEYWORD2>
			<KEYWORD2>descent</KEYWORD2>
			<KEYWORD2>baseline</KEYWORD2>
			<KEYWORD2>centerline</KEYWORD2>
			<KEYWORD2>mathline</KEYWORD2>
			<KEYWORD2>topline</KEYWORD2>

			<!-- Text properties -->
			<KEYWORD2>letter-spacing</KEYWORD2>
			<KEYWORD2>text-align</KEYWORD2>
			<KEYWORD2>text-shadow</KEYWORD2>
			<KEYWORD2>text-decoration</KEYWORD2>
			<KEYWORD2>text-indent</KEYWORD2>
			<KEYWORD2>text-transform</KEYWORD2>
			<KEYWORD2>word-spacing</KEYWORD2>
			<KEYWORD2>letter-spacing</KEYWORD2>
			<KEYWORD2>white-space</KEYWORD2>

			<!-- Box properties -->
			<KEYWORD2>border</KEYWORD2>
			<KEYWORD2>bottom</KEYWORD2>
			<KEYWORD2>border-collapse</KEYWORD2>
			<KEYWORD2>border-spacing</KEYWORD2>
			<KEYWORD2>border-bottom</KEYWORD2>
			<KEYWORD2>border-bottom-style</KEYWORD2>
			<KEYWORD2>border-bottom-width</KEYWORD2>
			<KEYWORD2>border-bottom-color</KEYWORD2>
			<KEYWORD2>border-left</KEYWORD2>
			<KEYWORD2>border-left-style</KEYWORD2>
			<KEYWORD2>border-left-width</KEYWORD2>
			<KEYWORD2>border-left-color</KEYWORD2>
			<KEYWORD2>border-right</KEYWORD2>
			<KEYWORD2>border-right-style</KEYWORD2>
			<KEYWORD2>border-right-width</KEYWORD2>
			<KEYWORD2>border-right-color</KEYWORD2>
			<KEYWORD2>border-top</KEYWORD2>
			<KEYWORD2>border-top-style</KEYWORD2>
			<KEYWORD2>border-top-width</KEYWORD2>
			<KEYWORD2>border-top-color</KEYWORD2>
			<KEYWORD2>border-color</KEYWORD2>
			<KEYWORD2>border-style</KEYWORD2>
			<KEYWORD2>border-width</KEYWORD2>
			<KEYWORD2>clear</KEYWORD2>
			<KEYWORD2>float</KEYWORD2>
			<KEYWORD2>height</KEYWORD2>
			<KEYWORD2>margin</KEYWORD2>
			<KEYWORD2>margin-bottom</KEYWORD2>
			<KEYWORD2>margin-left</KEYWORD2>
			<KEYWORD2>margin-right</KEYWORD2>
			<KEYWORD2>margin-top</KEYWORD2>
			<KEYWORD2>padding</KEYWORD2>
			<KEYWORD2>padding-bottom</KEYWORD2>
			<KEYWORD2>padding-left</KEYWORD2>
			<KEYWORD2>padding-right</KEYWORD2>
			<KEYWORD2>padding-top</KEYWORD2>
			<KEYWORD2>clear</KEYWORD2>

			<!-- Visual formatting properties -->
			<KEYWORD2>display</KEYWORD2>
			<KEYWORD2>position</KEYWORD2>
			<KEYWORD2>top</KEYWORD2>
			<KEYWORD2>right</KEYWORD2>
			<KEYWORD2>bottom</KEYWORD2>
			<KEYWORD2>left</KEYWORD2>
			<KEYWORD2>float</KEYWORD2>
			<KEYWORD2>z-index</KEYWORD2>
			<KEYWORD2>direction</KEYWORD2>
			<KEYWORD2>unicode-bidi</KEYWORD2>
			<KEYWORD2>width</KEYWORD2>
			<KEYWORD2>min-width</KEYWORD2>
			<KEYWORD2>max-width</KEYWORD2>
			<KEYWORD2>height</KEYWORD2>
			<KEYWORD2>min-height</KEYWORD2>
			<KEYWORD2>max-height</KEYWORD2>
			<KEYWORD2>line-height</KEYWORD2>
			<KEYWORD2>vertical-align</KEYWORD2>

			<!-- Visual effects -->
			<KEYWORD2>overflow</KEYWORD2>
			<KEYWORD2>clip</KEYWORD2>
			<KEYWORD2>visibility</KEYWORD2>

			<!-- Generated content, automatic listing -->
			<KEYWORD2>content</KEYWORD2>
			<KEYWORD3>:after</KEYWORD3>
			<KEYWORD3>:before</KEYWORD3>
			<KEYWORD2>quotes</KEYWORD2>
			<KEYWORD2>counter-reset</KEYWORD2>
			<KEYWORD2>counter-increment</KEYWORD2>
			<KEYWORD2>marker-offset</KEYWORD2>
			<KEYWORD2>list-style</KEYWORD2>
			<KEYWORD2>list-style-image</KEYWORD2>
			<KEYWORD2>list-style-position</KEYWORD2>
			<KEYWORD2>list-style-type</KEYWORD2>

			<!-- Page properties -->
			<KEYWORD2>size</KEYWORD2>
			<KEYWORD2>marks</KEYWORD2>
			<KEYWORD2>page-break-before</KEYWORD2>
			<KEYWORD2>page-break-after</KEYWORD2>
			<KEYWORD2>page-break-inside</KEYWORD2>
			<KEYWORD2>page</KEYWORD2>
			<KEYWORD2>orphans</KEYWORD2>
			<KEYWORD2>widows</KEYWORD2>

			<!-- Table properties -->
			<KEYWORD2>caption-side</KEYWORD2>
			<KEYWORD2>table-layout</KEYWORD2>
			<KEYWORD2>border-collapse</KEYWORD2>
			<KEYWORD2>border-spacing</KEYWORD2>
			<KEYWORD2>empty-cells</KEYWORD2>
			<KEYWORD2>speak-headers</KEYWORD2>

			<KEYWORD2>@import</KEYWORD2>
			<KEYWORD2>@media</KEYWORD2>
			<KEYWORD2>@page</KEYWORD2>
			<KEYWORD2>@font-face</KEYWORD2>

			<!-- User interface -->
			<KEYWORD2>cursor</KEYWORD2>
			<KEYWORD2>outline</KEYWORD2>
			<KEYWORD2>outline-width</KEYWORD2>
			<KEYWORD2>outline-style</KEYWORD2>
			<KEYWORD2>outline-color</KEYWORD2>

			<!-- Aural properties -->
			<KEYWORD2>azimuth</KEYWORD2>
			<KEYWORD2>volume</KEYWORD2>
			<KEYWORD2>speak</KEYWORD2>
			<KEYWORD2>pause</KEYWORD2>
			<KEYWORD2>pause-before</KEYWORD2>
			<KEYWORD2>pause-after</KEYWORD2>
			<KEYWORD2>cue</KEYWORD2>
			<KEYWORD2>cue-before</KEYWORD2>
			<KEYWORD2>cue-after</KEYWORD2>
			<KEYWORD2>play-during</KEYWORD2>
			<KEYWORD2>elevation</KEYWORD2>
			<KEYWORD2>speech-rate</KEYWORD2>
			<KEYWORD2>voice-family</KEYWORD2>
			<KEYWORD2>pitch</KEYWORD2>
			<KEYWORD2>pitch-range</KEYWORD2>
			<KEYWORD2>stress</KEYWORD2>
			<KEYWORD2>richness</KEYWORD2>
			<KEYWORD2>speak-punctuation</KEYWORD2>
			<KEYWORD2>speak-numeral</KEYWORD2>
			<KEYWORD2>speak-header-cell</KEYWORD2>

			<KEYWORD3>rgb</KEYWORD3>
			<KEYWORD3>url</KEYWORD3>

			<!-- measurement units -->
			<KEYWORD3>left-side</KEYWORD3			>
			<KEYWORD3>far-left</KEYWORD3>
			<KEYWORD3>center-left</KEYWORD3>
			<KEYWORD3>center</KEYWORD3>
			<KEYWORD3>right</KEYWORD3>
			<KEYWORD3>center-right</KEYWORD3>
			<KEYWORD3>far-right</KEYWORD3>
			<KEYWORD3>right-side</KEYWORD3>
			<KEYWORD3>justify</KEYWORD3>
			<KEYWORD3>behind</KEYWORD3>
			<KEYWORD3>leftwards</KEYWORD3>
			<KEYWORD3>rightwards</KEYWORD3>
			<KEYWORD3>inherit</KEYWORD3>
			<KEYWORD3>scroll</KEYWORD3>
			<KEYWORD3>fixed</KEYWORD3>
			<KEYWORD3>transparent</KEYWORD3>
			<KEYWORD3>none</KEYWORD3>
			<KEYWORD3>repeat</KEYWORD3>
			<KEYWORD3>repeat-x</KEYWORD3>
			<KEYWORD3>repeat-y</KEYWORD3>
			<KEYWORD3>no-repeat</KEYWORD3>
			<KEYWORD3>collapse</KEYWORD3>
			<KEYWORD3>separate</KEYWORD3>
			<KEYWORD3>auto</KEYWORD3>
			<KEYWORD3>open-quote</KEYWORD3>
			<KEYWORD3>close-quote</KEYWORD3>
			<KEYWORD3>no-open-quote</KEYWORD3>
			<KEYWORD3>no-close-quote</KEYWORD3>
			<KEYWORD3>cue-before</KEYWORD3>
			<KEYWORD3>cue-after</KEYWORD3>
			<KEYWORD3>crosshair</KEYWORD3>
			<KEYWORD3>default</KEYWORD3>
			<KEYWORD3>pointer</KEYWORD3>
			<KEYWORD3>move</KEYWORD3>
			<KEYWORD3>e-resize</KEYWORD3>
			<KEYWORD3>ne-resize</KEYWORD3>
			<KEYWORD3>nw-resize</KEYWORD3>
			<KEYWORD3>n-resize</KEYWORD3>
			<KEYWORD3>se-resize</KEYWORD3>
			<KEYWORD3>sw-resize</KEYWORD3>
			<KEYWORD3>s-resize</KEYWORD3>
			<KEYWORD3>w-resize</KEYWORD3>
			<KEYWORD3>text</KEYWORD3>
			<KEYWORD3>wait</KEYWORD3>
			<KEYWORD3>help</KEYWORD3>
			<KEYWORD3>ltr</KEYWORD3>
			<KEYWORD3>rtl</KEYWORD3>
			<KEYWORD3>inline</KEYWORD3>
			<KEYWORD3>block</KEYWORD3>
			<KEYWORD3>list-item</KEYWORD3>
			<KEYWORD3>run-in</KEYWORD3>
			<KEYWORD3>compact</KEYWORD3>
			<KEYWORD3>marker</KEYWORD3>
			<KEYWORD3>table</KEYWORD3>
			<KEYWORD3>inline-table</KEYWORD3>
			<KEYWORD3>table-row-group</KEYWORD3>
			<KEYWORD3>table-header-group</KEYWORD3>
			<KEYWORD3>table-footer-group</KEYWORD3>
			<KEYWORD3>table-row</KEYWORD3>
			<KEYWORD3>table-column-group</KEYWORD3>
			<KEYWORD3>table-column</KEYWORD3>
			<KEYWORD3>table-cell</KEYWORD3>
			<KEYWORD3>table-caption</KEYWORD3>

			<KEYWORD3>below</KEYWORD3>
			<KEYWORD3>level</KEYWORD3>
			<KEYWORD3>above</KEYWORD3>
			<KEYWORD3>higher</KEYWORD3>
			<KEYWORD3>lower</KEYWORD3>
			<KEYWORD3>show</KEYWORD3>
			<KEYWORD3>hide</KEYWORD3>
			<KEYWORD3>normal</KEYWORD3>
			<KEYWORD3>wider</KEYWORD3>
			<KEYWORD3>narrower</KEYWORD3>
			<KEYWORD3>ultra-condensed</KEYWORD3>
			<KEYWORD3>extra-condensed</KEYWORD3>
			<KEYWORD3>condensed</KEYWORD3>
			<KEYWORD3>semi-condensed</KEYWORD3>
			<KEYWORD3>semi-expanded</KEYWORD3>
			<KEYWORD3>expanded</KEYWORD3>
			<KEYWORD3>extra-expanded</KEYWORD3>
			<KEYWORD3>ultra-expanded</KEYWORD3>
			<KEYWORD3>normal</KEYWORD3>
			<KEYWORD3>italic</KEYWORD3>
			<KEYWORD3>oblique</KEYWORD3>
			<KEYWORD3>normal</KEYWORD3>
			<KEYWORD3>xx-small</KEYWORD3>
			<KEYWORD3>x-small</KEYWORD3>
			<KEYWORD3>small</KEYWORD3>
			<KEYWORD3>large</KEYWORD3>
			<KEYWORD3>x-large</KEYWORD3>
			<KEYWORD3>xx-large</KEYWORD3>
			<KEYWORD3>thin</KEYWORD3>
			<KEYWORD3>thick</KEYWORD3>
			<KEYWORD3>smaller</KEYWORD3>
			<KEYWORD3>larger</KEYWORD3>
			<KEYWORD3>small-caps</KEYWORD3>
			<KEYWORD3>inherit</KEYWORD3>
			<KEYWORD3>bold</KEYWORD3>
			<KEYWORD3>bolder</KEYWORD3>
			<KEYWORD3>lighter</KEYWORD3>
			<KEYWORD3>inside</KEYWORD3>
			<KEYWORD3>outside</KEYWORD3>
			<KEYWORD3>disc</KEYWORD3>
			<KEYWORD3>circle</KEYWORD3>
			<KEYWORD3>square</KEYWORD3>
			<KEYWORD3>decimal</KEYWORD3>
			<KEYWORD3>decimal-leading-zero</KEYWORD3>
			<KEYWORD3>lower-roman</KEYWORD3>
			<KEYWORD3>upper-roman</KEYWORD3>
			<KEYWORD3>lower-greek</KEYWORD3>
			<KEYWORD3>lower-alpha</KEYWORD3>
			<KEYWORD3>lower-latin</KEYWORD3>
			<KEYWORD3>upper-alpha</KEYWORD3>
			<KEYWORD3>upper-latin</KEYWORD3>
			<KEYWORD3>hebrew</KEYWORD3>
			<KEYWORD3>armenian</KEYWORD3>
			<KEYWORD3>georgian</KEYWORD3>
			<KEYWORD3>cjk-ideographic</KEYWORD3>
			<KEYWORD3>hiragana</KEYWORD3>
			<KEYWORD3>katakana</KEYWORD3>
			<KEYWORD3>hiragana-iroha</KEYWORD3>
			<KEYWORD3>katakana-iroha</KEYWORD3>
			<KEYWORD3>crop</KEYWORD3>
			<KEYWORD3>cross</KEYWORD3>
			<KEYWORD3>invert</KEYWORD3>
			<KEYWORD3>hidden</KEYWORD3>
			<KEYWORD3>always</KEYWORD3>
			<KEYWORD3>avoid</KEYWORD3>
			<KEYWORD3>x-low</KEYWORD3>
			<KEYWORD3>low</KEYWORD3>
			<KEYWORD3>high</KEYWORD3>
			<KEYWORD3>x-high</KEYWORD3>
			<KEYWORD3>absolute</KEYWORD3>
			<KEYWORD3>fixed</KEYWORD3>
			<KEYWORD3>relative</KEYWORD3>
			<KEYWORD3>static</KEYWORD3>
			<KEYWORD3>portrait</KEYWORD3>
			<KEYWORD3>landscape</KEYWORD3>
			<KEYWORD3>spell-out</KEYWORD3>
			<KEYWORD3>digits</KEYWORD3>
			<KEYWORD3>continuous</KEYWORD3>
			<KEYWORD3>x-slow</KEYWORD3>
			<KEYWORD3>slow</KEYWORD3>
			<KEYWORD3>fast</KEYWORD3>
			<KEYWORD3>x-fast</KEYWORD3>
			<KEYWORD3>faster</KEYWORD3>
			<KEYWORD3>slower</KEYWORD3>
			<KEYWORD3>underline</KEYWORD3>
			<KEYWORD3>overline</KEYWORD3>
			<KEYWORD3>line-through</KEYWORD3>
			<KEYWORD3>blink</KEYWORD3>
			<KEYWORD3>capitalize</KEYWORD3>
			<KEYWORD3>uppercase</KEYWORD3>
			<KEYWORD3>lowercase</KEYWORD3>
			<KEYWORD3>embed</KEYWORD3>
			<KEYWORD3>bidi-override</KEYWORD3>
			<KEYWORD3>baseline</KEYWORD3>
			<KEYWORD3>sub</KEYWORD3>
			<KEYWORD3>super</KEYWORD3>
			<KEYWORD3>top</KEYWORD3>
			<KEYWORD3>text-top</KEYWORD3>
			<KEYWORD3>middle</KEYWORD3>
			<KEYWORD3>bottom</KEYWORD3>
			<KEYWORD3>text-bottom</KEYWORD3>
			<KEYWORD3>visible</KEYWORD3>
			<KEYWORD3>hidden</KEYWORD3>
			<KEYWORD3>collapse</KEYWORD3>
			<KEYWORD3>soft</KEYWORD3>
			<KEYWORD3>loud</KEYWORD3>
			<KEYWORD3>x-loud</KEYWORD3>
			<KEYWORD3>pre</KEYWORD3>
			<KEYWORD3>nowrap</KEYWORD3>
			<KEYWORD3>dotted</KEYWORD3>
			<KEYWORD3>dashed</KEYWORD3>
			<KEYWORD3>solid</KEYWORD3>
			<KEYWORD3>double</KEYWORD3>
			<KEYWORD3>groove</KEYWORD3>
			<KEYWORD3>ridge</KEYWORD3>
			<KEYWORD3>inset</KEYWORD3>
			<KEYWORD3>outset</KEYWORD3>
			<KEYWORD3>once</KEYWORD3>
			<KEYWORD3>both</KEYWORD3>
			<KEYWORD3>silent</KEYWORD3>
			<KEYWORD3>medium</KEYWORD3>
			<KEYWORD3>mix</KEYWORD3>
			<KEYWORD3>male</KEYWORD3>
			<KEYWORD3>female</KEYWORD3>
			<KEYWORD3>child</KEYWORD3>
			<KEYWORD3>code</KEYWORD3>

			<!-- Colors -->
			<KEYWORD3>aliceblue</KEYWORD3>
			<KEYWORD3>antiquewhite</KEYWORD3>
			<KEYWORD3>aqua</KEYWORD3>
			<KEYWORD3>aquamarine</KEYWORD3>
			<KEYWORD3>azure</KEYWORD3>
			<KEYWORD3>beige</KEYWORD3>
			<KEYWORD3>bisque</KEYWORD3>
			<KEYWORD3>black</KEYWORD3>
			<KEYWORD3>blanchedalmond</KEYWORD3>
			<KEYWORD3>blue</KEYWORD3>
			<KEYWORD3>blueviolet</KEYWORD3>
			<KEYWORD3>brown</KEYWORD3>
			<KEYWORD3>burlywood</KEYWORD3>
			<KEYWORD3>cadetblue</KEYWORD3>
			<KEYWORD3>chartreuse</KEYWORD3>
			<KEYWORD3>chocolate</KEYWORD3>
			<KEYWORD3>coral</KEYWORD3>
			<KEYWORD3>cornflowerblue</KEYWORD3>
			<KEYWORD3>cornsilk</KEYWORD3>
			<KEYWORD3>crimson</KEYWORD3>
			<KEYWORD3>cyan</KEYWORD3>
			<KEYWORD3>darkblue</KEYWORD3>
			<KEYWORD3>darkcyan</KEYWORD3>
			<KEYWORD3>darkgoldenrod</KEYWORD3>
			<KEYWORD3>darkgray</KEYWORD3>
			<KEYWORD3>darkgreen</KEYWORD3>
			<KEYWORD3>darkgrey</KEYWORD3>
			<KEYWORD3>darkkhaki</KEYWORD3>
			<KEYWORD3>darkmagenta</KEYWORD3>
			<KEYWORD3>darkolivegreen</KEYWORD3>
			<KEYWORD3>darkorange</KEYWORD3>
			<KEYWORD3>darkorchid</KEYWORD3>
			<KEYWORD3>darkred</KEYWORD3>
			<KEYWORD3>darksalmon</KEYWORD3>
			<KEYWORD3>darkseagreen</KEYWORD3>
			<KEYWORD3>darkslateblue</KEYWORD3>
			<KEYWORD3>darkslategray</KEYWORD3>
			<KEYWORD3>darkslategrey</KEYWORD3>
			<KEYWORD3>darkturquoise</KEYWORD3>
			<KEYWORD3>darkviolet</KEYWORD3>
			<KEYWORD3>darkpink</KEYWORD3>
			<KEYWORD3>deepskyblue</KEYWORD3>
			<KEYWORD3>dimgray</KEYWORD3>
			<KEYWORD3>dimgrey</KEYWORD3>
			<KEYWORD3>dodgerblue</KEYWORD3>
			<KEYWORD3>firebrick</KEYWORD3>
			<KEYWORD3>floralwhite</KEYWORD3>
			<KEYWORD3>forestgreen</KEYWORD3>
			<KEYWORD3>fushia</KEYWORD3>
			<KEYWORD3>gainsboro</KEYWORD3>
			<KEYWORD3>ghostwhite</KEYWORD3>
			<KEYWORD3>gold</KEYWORD3>
			<KEYWORD3>goldenrod</KEYWORD3>
			<KEYWORD3>gray</KEYWORD3>
			<KEYWORD3>green</KEYWORD3>
			<KEYWORD3>greenyellow</KEYWORD3>
			<KEYWORD3>grey</KEYWORD3>
			<KEYWORD3>honeydew</KEYWORD3>
			<KEYWORD3>hotpink</KEYWORD3>
			<KEYWORD3>indianred</KEYWORD3>
			<KEYWORD3>indigo</KEYWORD3>
			<KEYWORD3>ivory</KEYWORD3>
			<KEYWORD3>khaki</KEYWORD3>
			<KEYWORD3>lavender</KEYWORD3>
			<KEYWORD3>lavenderblush</KEYWORD3>
			<KEYWORD3>lawngreen</KEYWORD3>
			<KEYWORD3>lemonchiffon</KEYWORD3>
			<KEYWORD3>lightblue</KEYWORD3>
			<KEYWORD3>lightcoral</KEYWORD3>
			<KEYWORD3>lightcyan</KEYWORD3>
			<KEYWORD3>lightgoldenrodyellow</KEYWORD3>
			<KEYWORD3>lightgray</KEYWORD3>
			<KEYWORD3>lightgreen</KEYWORD3>
			<KEYWORD3>lightgrey</KEYWORD3>
			<KEYWORD3>lightpink</KEYWORD3>
			<KEYWORD3>lightsalmon</KEYWORD3>
			<KEYWORD3>lightseagreen</KEYWORD3>
			<KEYWORD3>lightskyblue</KEYWORD3>
			<KEYWORD3>lightslategray</KEYWORD3>
			<KEYWORD3>lightslategrey</KEYWORD3>
			<KEYWORD3>lightsteelblue</KEYWORD3>
			<KEYWORD3>lightyellow</KEYWORD3>
			<KEYWORD3>lime</KEYWORD3>
			<KEYWORD3>limegreen</KEYWORD3>
			<KEYWORD3>linen</KEYWORD3>
			<KEYWORD3>magenta</KEYWORD3>
			<KEYWORD3>maroon</KEYWORD3>
			<KEYWORD3>mediumaquamarine</KEYWORD3>
			<KEYWORD3>mediumblue</KEYWORD3>
			<KEYWORD3>mediumorchid</KEYWORD3>
			<KEYWORD3>mediumpurple</KEYWORD3>
			<KEYWORD3>mediumseagreen</KEYWORD3>
			<KEYWORD3>mediumslateblue</KEYWORD3>
			<KEYWORD3>mediumspringgreen</KEYWORD3>
			<KEYWORD3>mediumturquoise</KEYWORD3>
			<KEYWORD3>mediumvioletred</KEYWORD3>
			<KEYWORD3>midnightblue</KEYWORD3>
			<KEYWORD3>mintcream</KEYWORD3>
			<KEYWORD3>mistyrose</KEYWORD3>
			<KEYWORD3>mocassin</KEYWORD3>
			<KEYWORD3>navawhite</KEYWORD3>
			<KEYWORD3>navy</KEYWORD3>
			<KEYWORD3>oldlace</KEYWORD3>
			<KEYWORD3>olive</KEYWORD3>
			<KEYWORD3>olidrab</KEYWORD3>
			<KEYWORD3>orange</KEYWORD3>
			<KEYWORD3>orangered</KEYWORD3>
			<KEYWORD3>orchid</KEYWORD3>
			<KEYWORD3>palegoldenrod</KEYWORD3>
			<KEYWORD3>palegreen</KEYWORD3>
			<KEYWORD3>paleturquoise</KEYWORD3>
			<KEYWORD3>paletvioletred</KEYWORD3>
			<KEYWORD3>papayawhip</KEYWORD3>
			<KEYWORD3>peachpuff</KEYWORD3>
			<KEYWORD3>peru</KEYWORD3>
			<KEYWORD3>pink</KEYWORD3>
			<KEYWORD3>plum</KEYWORD3>
			<KEYWORD3>powderblue</KEYWORD3>
			<KEYWORD3>purple</KEYWORD3>
			<KEYWORD3>red</KEYWORD3>
			<KEYWORD3>rosybrown</KEYWORD3>
			<KEYWORD3>royalblue</KEYWORD3>
			<KEYWORD3>saddlebrown</KEYWORD3>
			<KEYWORD3>salmon</KEYWORD3>
			<KEYWORD3>sandybrown</KEYWORD3>
			<KEYWORD3>seagreen</KEYWORD3>
			<KEYWORD3>seashell</KEYWORD3>
			<KEYWORD3>sienna</KEYWORD3>
			<KEYWORD3>silver</KEYWORD3>
			<KEYWORD3>skyblue</KEYWORD3>
			<KEYWORD3>slateblue</KEYWORD3>
			<KEYWORD3>slategray</KEYWORD3>
			<KEYWORD3>slategrey</KEYWORD3>
			<KEYWORD3>snow</KEYWORD3>
			<KEYWORD3>springgreen</KEYWORD3>
			<KEYWORD3>steelblue</KEYWORD3>
			<KEYWORD3>tan</KEYWORD3>
			<KEYWORD3>teal</KEYWORD3>
			<KEYWORD3>thistle</KEYWORD3>
			<KEYWORD3>tomato</KEYWORD3>
			<KEYWORD3>turquoise</KEYWORD3>
			<KEYWORD3>violet</KEYWORD3>
			<KEYWORD3>wheat</KEYWORD3>
			<KEYWORD3>white</KEYWORD3>
			<KEYWORD3>whitesmoke</KEYWORD3>
			<KEYWORD3>yellow</KEYWORD3>
			<KEYWORD3>yellowgreen</KEYWORD3>

		</KEYWORDS>
	</RULES>
	<RULES SET="LITERAL" DEFAULT="LITERAL1" ESCAPE="\">
	</RULES>
</MODE>
