<?xml version="1.0"?>

<!DOCTYPE MODE SYSTEM "xmode.dtd">

<!-- COBOL mode, by Loren Charnley III -->

<MODE>
	<PROPS>
		<PROPERTY NAME="lineComment" VALUE="#" />
	</PROPS>

	<RULES ESCAPE="\"  IGNORE_CASE="FALSE">
	
	<!-- Comments -->
	<EOL_SPAN TYPE="COMMENT1">#</EOL_SPAN>
	
	<!-- Literals -->
	<SPAN TYPE="LITERAL1">
		<BEGIN>"</BEGIN>
		<END>"</END>
	</SPAN>
	<SPAN TYPE="LITERAL2">
		<BEGIN>'</BEGIN>
		<END>'</END>
	</SPAN>
	
	<SPAN TYPE="LITERAL2" NO_LINE_BREAK="TRUE">
		<BEGIN>[</BEGIN>
		<END>]</END>
  	</SPAN>
	
	<SPAN TYPE="LITERAL2" NO_LINE_BREAK="TRUE">
		<BEGIN>{</BEGIN>
		<END>}</END>
  	</SPAN>
	
	<!-- Operators -->
	<SEQ TYPE="OPERATOR">-</SEQ>
	<SEQ TYPE="OPERATOR">+</SEQ>
	<SEQ TYPE="OPERATOR">~</SEQ>
	<SEQ TYPE="OPERATOR">!</SEQ>
	<SEQ TYPE="OPERATOR">$</SEQ>
	<SEQ TYPE="OPERATOR">*</SEQ>
	<SEQ TYPE="OPERATOR">%</SEQ>
	<SEQ TYPE="OPERATOR">=</SEQ>
	<SEQ TYPE="OPERATOR">&gt;</SEQ>
	<SEQ TYPE="OPERATOR">&lt;</SEQ>
	<SEQ TYPE="OPERATOR">&amp;</SEQ>
	<SEQ TYPE="OPERATOR">&gt;=</SEQ>
	<SEQ TYPE="OPERATOR">&lt;=</SEQ>
	<SEQ TYPE="OPERATOR">|</SEQ>
	<SEQ TYPE="OPERATOR">^</SEQ>
	<SEQ TYPE="OPERATOR">?</SEQ>
	<SEQ TYPE="OPERATOR">:</SEQ>
	
	<!-- Function calls -->
	<MARK_PREVIOUS TYPE="FUNCTION" EXCLUDE_MATCH="TRUE">(</MARK_PREVIOUS>

	
	<!-- Keywords -->
	<KEYWORDS>
	
		<!-- GNUplot Commands -->
		<KEYWORD1>cd</KEYWORD1>
		<KEYWORD1>call</KEYWORD1>
		<KEYWORD1>clear</KEYWORD1>
		<KEYWORD1>exit</KEYWORD1>
		<KEYWORD1>fit</KEYWORD1>
		<KEYWORD1>help</KEYWORD1>
		<KEYWORD1>history</KEYWORD1>
		<KEYWORD1>if</KEYWORD1>
		<KEYWORD1>load</KEYWORD1>
		<KEYWORD1>pause</KEYWORD1>
		<KEYWORD1>plot</KEYWORD1>
			<KEYWORD1>using</KEYWORD1>
			<KEYWORD1>with</KEYWORD1>
			<KEYWORD1>index</KEYWORD1>
			<KEYWORD1>every</KEYWORD1>
			<KEYWORD1>smooth</KEYWORD1>
			<KEYWORD1>thru</KEYWORD1>
		<KEYWORD1>print</KEYWORD1>
		<KEYWORD1>pwd</KEYWORD1>
		<KEYWORD1>quit</KEYWORD1>
		<KEYWORD1>replot</KEYWORD1>
		<KEYWORD1>reread</KEYWORD1>
		<KEYWORD1>reset</KEYWORD1>
		<KEYWORD1>save</KEYWORD1>
		<KEYWORD1>set</KEYWORD1>
		<KEYWORD1>show</KEYWORD1>
		<KEYWORD1>unset</KEYWORD1>
		<KEYWORD1>shell</KEYWORD1>
		<KEYWORD1>splot</KEYWORD1>
		<KEYWORD1>system</KEYWORD1>
		<KEYWORD1>test</KEYWORD1>
		<KEYWORD1>unset</KEYWORD1>
		<KEYWORD1>update</KEYWORD1>
		
		<!-- GNUplot Functions -->
		<KEYWORD2>abs</KEYWORD2>
		<KEYWORD2>acos</KEYWORD2>
		<KEYWORD2>acosh</KEYWORD2>
		<KEYWORD2>arg</KEYWORD2>
		<KEYWORD2>asin</KEYWORD2>
		<KEYWORD2>asinh</KEYWORD2>
		<KEYWORD2>atan</KEYWORD2>
		<KEYWORD2>atan2</KEYWORD2>
		<KEYWORD2>atanh</KEYWORD2>
		<KEYWORD2>besj0</KEYWORD2>
		<KEYWORD2>besj1</KEYWORD2>
		<KEYWORD2>besy0</KEYWORD2>
		<KEYWORD2>besy1</KEYWORD2>
		<KEYWORD2>ceil</KEYWORD2>
		<KEYWORD2>cos</KEYWORD2>
		<KEYWORD2>cosh</KEYWORD2>
		<KEYWORD2>erf</KEYWORD2>
		<KEYWORD2>erfc</KEYWORD2>
		<KEYWORD2>exp</KEYWORD2>
		<KEYWORD2>floor</KEYWORD2>
		<KEYWORD2>gamma</KEYWORD2>
		<KEYWORD2>ibeta</KEYWORD2>
		<KEYWORD2>inverf</KEYWORD2>
		<KEYWORD2>igamma</KEYWORD2>
		<KEYWORD2>imag</KEYWORD2>
		<KEYWORD2>invnorm</KEYWORD2>
		<KEYWORD2>int</KEYWORD2>
		<KEYWORD2>lambertw</KEYWORD2>
		<KEYWORD2>lgamma</KEYWORD2>
		<KEYWORD2>log</KEYWORD2>
		<KEYWORD2>log10</KEYWORD2>
		<KEYWORD2>norm</KEYWORD2>
		<KEYWORD2>rand</KEYWORD2>
		<KEYWORD2>real</KEYWORD2>
		<KEYWORD2>sgn</KEYWORD2>
		<KEYWORD2>sin</KEYWORD2>
		<KEYWORD2>sinh</KEYWORD2>
		<KEYWORD2>sqrt</KEYWORD2>
		<KEYWORD2>tan</KEYWORD2>
		<KEYWORD2>tanh</KEYWORD2>
		<KEYWORD2>column</KEYWORD2>
		<KEYWORD2>defined</KEYWORD2>
		<KEYWORD2>tm_hour</KEYWORD2>
		<KEYWORD2>tm_mday</KEYWORD2>
		<KEYWORD2>tm_min</KEYWORD2>
		<KEYWORD2>tm_mon</KEYWORD2>
		<KEYWORD2>tm_sec</KEYWORD2>
		<KEYWORD2>tm_wday</KEYWORD2>
		<KEYWORD2>tm_yday</KEYWORD2>
		<KEYWORD2>tm_year</KEYWORD2>
		<KEYWORD2>valid</KEYWORD2>
		
		<!-- GNUplot Built-in Variables -->
		<KEYWORD3>angles</KEYWORD3>
		<KEYWORD3>arrow</KEYWORD3>
		<KEYWORD3>autoscale</KEYWORD3>
		<KEYWORD3>bars</KEYWORD3>
		<KEYWORD3>bmargin</KEYWORD3>
		<KEYWORD3>border</KEYWORD3>
		<KEYWORD3>boxwidth</KEYWORD3>
		<KEYWORD3>clabel</KEYWORD3>
		<KEYWORD3>clip</KEYWORD3>
		<KEYWORD3>cntrparam</KEYWORD3>
		<KEYWORD3>colorbox</KEYWORD3>
		<KEYWORD3>contour</KEYWORD3>
		<KEYWORD3>datafile </KEYWORD3>
		<KEYWORD3>decimalsign</KEYWORD3>
		<KEYWORD3>dgrid3d</KEYWORD3>
		<KEYWORD3>dummy</KEYWORD3>
		<KEYWORD3>encoding</KEYWORD3>
		<KEYWORD3>fit</KEYWORD3>
		<KEYWORD3>fontpath</KEYWORD3>
		<KEYWORD3>format</KEYWORD3>
		<KEYWORD3>functions</KEYWORD3>
		<KEYWORD3>function</KEYWORD3>
		<KEYWORD3>grid</KEYWORD3>
		<KEYWORD3>hidden3d</KEYWORD3>
		<KEYWORD3>historysize</KEYWORD3>
		<KEYWORD3>isosamples</KEYWORD3>
		<KEYWORD3>key</KEYWORD3>
		<KEYWORD3>label</KEYWORD3>
		<KEYWORD3>lmargin</KEYWORD3>
		<KEYWORD3>loadpath</KEYWORD3>
		<KEYWORD3>locale</KEYWORD3>
		<KEYWORD3>logscale</KEYWORD3>
		<KEYWORD3>mapping</KEYWORD3>
		<KEYWORD3>margin</KEYWORD3>
		<KEYWORD3>mouse</KEYWORD3>
		<KEYWORD3>multiplot</KEYWORD3>
		<KEYWORD3>mx2tics</KEYWORD3>
		<KEYWORD3>mxtics</KEYWORD3>
		<KEYWORD3>my2tics</KEYWORD3>
		<KEYWORD3>mytics</KEYWORD3>
		<KEYWORD3>mztics</KEYWORD3>
		<KEYWORD3>offsets</KEYWORD3>
		<KEYWORD3>origin</KEYWORD3>
		<KEYWORD3>output</KEYWORD3>
		<KEYWORD3>parametric</KEYWORD3>
		<KEYWORD3>plot</KEYWORD3>
		<KEYWORD3>pm3d</KEYWORD3>
		<KEYWORD3>palette</KEYWORD3>
		<KEYWORD3>pointsize</KEYWORD3>
		<KEYWORD3>polar</KEYWORD3>
		<KEYWORD3>print</KEYWORD3>
		<KEYWORD3>rmargin</KEYWORD3>
		<KEYWORD3>rrange</KEYWORD3>
		<KEYWORD3>samples</KEYWORD3>
		<KEYWORD3>size</KEYWORD3>
		<KEYWORD3>style</KEYWORD3>
		<KEYWORD3>surface</KEYWORD3>
		<KEYWORD3>terminal</KEYWORD3>
		<KEYWORD3>tics</KEYWORD3>
		<KEYWORD3>ticslevel</KEYWORD3>
		<KEYWORD3>ticscale</KEYWORD3>
		<KEYWORD3>timestamp</KEYWORD3>
		<KEYWORD3>timefmt</KEYWORD3>
		<KEYWORD3>title</KEYWORD3>
		<KEYWORD3>tmargin</KEYWORD3>
		<KEYWORD3>trange</KEYWORD3>
		<KEYWORD3>urange</KEYWORD3>
		<KEYWORD3>variables</KEYWORD3>
		<KEYWORD3>version</KEYWORD3>
		<KEYWORD3>view</KEYWORD3>
		<KEYWORD3>vrange</KEYWORD3>
		<KEYWORD3>x2data</KEYWORD3>
		<KEYWORD3>x2dtics</KEYWORD3>
		<KEYWORD3>x2label</KEYWORD3>
		<KEYWORD3>x2mtics</KEYWORD3>
		<KEYWORD3>x2range</KEYWORD3>
		<KEYWORD3>x2tics</KEYWORD3>
		<KEYWORD3>x2zeroaxis</KEYWORD3>
		<KEYWORD3>xdata</KEYWORD3>
		<KEYWORD3>xdtics</KEYWORD3>
		<KEYWORD3>xlabel</KEYWORD3>
		<KEYWORD3>xmtics</KEYWORD3>
		<KEYWORD3>xrange</KEYWORD3>
		<KEYWORD3>xtics</KEYWORD3>
		<KEYWORD3>xzeroaxis</KEYWORD3>
		<KEYWORD3>y2data</KEYWORD3>
		<KEYWORD3>y2dtics</KEYWORD3>
		<KEYWORD3>y2label</KEYWORD3>
		<KEYWORD3>y2mtics</KEYWORD3>
		<KEYWORD3>y2range</KEYWORD3>
		<KEYWORD3>y2tics</KEYWORD3>
		<KEYWORD3>y2zeroaxis</KEYWORD3>
		<KEYWORD3>ydata</KEYWORD3>
		<KEYWORD3>ydtics</KEYWORD3>
		<KEYWORD3>ylabel</KEYWORD3>
		<KEYWORD3>ymtics</KEYWORD3>
		<KEYWORD3>yrange</KEYWORD3>
		<KEYWORD3>ytics</KEYWORD3>
		<KEYWORD3>yzeroaxis</KEYWORD3>
		<KEYWORD3>zdata</KEYWORD3>
		<KEYWORD3>zdtics</KEYWORD3>
		<KEYWORD3>cbdata</KEYWORD3>
		<KEYWORD3>cbdtics</KEYWORD3>
		<KEYWORD3>zero</KEYWORD3>
		<KEYWORD3>zeroaxis</KEYWORD3>
		<KEYWORD3>zlabel</KEYWORD3>
		<KEYWORD3>zmtics</KEYWORD3>
		<KEYWORD3>zrange</KEYWORD3>
		<KEYWORD3>ztics</KEYWORD3>
		<KEYWORD3>cblabel</KEYWORD3>
		<KEYWORD3>cbmtics</KEYWORD3>
		<KEYWORD3>cbrange</KEYWORD3>
		<KEYWORD3>cbtics</KEYWORD3>
		
	</KEYWORDS>
	
	</RULES>
</MODE>
