<?xml version="1.0"?>

<!DOCTYPE MODE SYSTEM "xmode.dtd">

<MODE>
	<PROPS>
		<PROPERTY NAME="commentStart" VALUE="/*" />
		<PROPERTY NAME="commentEnd"   VALUE="*/" />
		<PROPERTY NAME="wordBreakChars" VALUE=",+-=&lt;&gt;/?^&amp;*" />

		<!-- Auto indent -->
		<!-- set this to 'true' if you want to use GNU coding style -->
	</PROPS>
	<RULES ESCAPE="\"
		IGNORE_CASE="TRUE"
		HIGHLIGHT_DIGITS="FALSE">

		<!-- C style comment -->
		<SPAN TYPE="COMMENT1">
			<BEGIN>/*</BEGIN>
			<END>*/</END>
		</SPAN>

		<SPAN TYPE="LITERAL1">
			<BEGIN>'</BEGIN>
			<END>'</END>
		</SPAN>

		<SPAN TYPE="LITERAL1">
			<BEGIN>"</BEGIN>
			<END>"</END>
		</SPAN>
    
		<!-- preprocessor statements -->
		<EOL_SPAN_REGEXP TYPE="KEYWORD2" HASH_CHAR="*" AT_LINE_START="TRUE">\* *process</EOL_SPAN_REGEXP>

		<SEQ TYPE="OPERATOR">=</SEQ>
		<SEQ TYPE="OPERATOR">+</SEQ>
		<SEQ TYPE="OPERATOR">-</SEQ>
		<SEQ TYPE="OPERATOR">*</SEQ>
		<SEQ TYPE="OPERATOR">/</SEQ>
		<SEQ TYPE="OPERATOR">&gt;</SEQ>
		<SEQ TYPE="OPERATOR">&lt;</SEQ>
		<SEQ TYPE="OPERATOR">^</SEQ>
		<SEQ TYPE="OPERATOR">�</SEQ>
		<SEQ TYPE="OPERATOR">&amp;</SEQ>
		<SEQ TYPE="OPERATOR">|</SEQ>
		<SEQ TYPE="OPERATOR">.</SEQ>
		<SEQ TYPE="OPERATOR">,</SEQ>
		<SEQ TYPE="OPERATOR">;</SEQ>
		<SEQ TYPE="OPERATOR">)</SEQ>
		<SEQ TYPE="OPERATOR">(</SEQ>
		<MARK_PREVIOUS AT_WHITESPACE_END="TRUE"
			EXCLUDE_MATCH="TRUE"
			TYPE="LABEL">:</MARK_PREVIOUS>

		<!-- Function calls -->
		<MARK_PREVIOUS TYPE="FUNCTION" EXCLUDE_MATCH="TRUE">(</MARK_PREVIOUS>

		<KEYWORDS>
      <!-- Statements, keywords and directives -->
			<KEYWORD1>alias</KEYWORD1>
			<KEYWORD1>alloc</KEYWORD1>
			<KEYWORD1>allocate</KEYWORD1>
			<KEYWORD1>attach</KEYWORD1>
			<KEYWORD1>begin</KEYWORD1>
      <KEYWORD1>by</KEYWORD1>
      <KEYWORD1>byname</KEYWORD1>
			<KEYWORD1>call</KEYWORD1>
			<KEYWORD1>close</KEYWORD1>
			<KEYWORD1>copy</KEYWORD1>
 			<KEYWORD1>dcl</KEYWORD1>
			<KEYWORD1>declare</KEYWORD1>
			<KEYWORD1>default</KEYWORD1>
			<KEYWORD1>define</KEYWORD1>
			<KEYWORD1>delay</KEYWORD1>
			<KEYWORD1>delete</KEYWORD1>
			<KEYWORD1>detach</KEYWORD1>
			<KEYWORD1>dft</KEYWORD1>
			<KEYWORD1>display</KEYWORD1>
			<KEYWORD1>do</KEYWORD1>
      <KEYWORD1>downthru</KEYWORD1>
			<KEYWORD1>else</KEYWORD1>
 			<KEYWORD1>end</KEYWORD1>
			<KEYWORD1>entry</KEYWORD1>
      <KEYWORD1>exit</KEYWORD1>
      <KEYWORD1>fetch</KEYWORD1>
      <KEYWORD1>flush</KEYWORD1>
      <KEYWORD1>format</KEYWORD1>
			<KEYWORD1>free</KEYWORD1>
			<KEYWORD1>from</KEYWORD1>
      <KEYWORD1>get</KEYWORD1>
      <KEYWORD1>go</KEYWORD1>
			<KEYWORD1>goto</KEYWORD1>
			<KEYWORD1>if</KEYWORD1>
			<KEYWORD1>ignore</KEYWORD1>
			<KEYWORD1>%include</KEYWORD1>
			<KEYWORD1>into</KEYWORD1>
			<KEYWORD1>iterate</KEYWORD1>
			<KEYWORD1>key</KEYWORD1>
			<KEYWORD1>keyfrom</KEYWORD1>
			<KEYWORD1>keyto</KEYWORD1>
			<KEYWORD1>leave</KEYWORD1>
      <KEYWORD1>line</KEYWORD1>
      <KEYWORD1>locate</KEYWORD1>
      <KEYWORD1>loop</KEYWORD1>
      <KEYWORD1>name</KEYWORD1>
      <KEYWORD1>on</KEYWORD1>
      <KEYWORD1>open</KEYWORD1>
			<KEYWORD1>ordinal</KEYWORD1>
      <KEYWORD1>other</KEYWORD1>
      <KEYWORD1>otherwise</KEYWORD1>
      <KEYWORD1>package</KEYWORD1>
      <KEYWORD1>page</KEYWORD1>
      <KEYWORD1>proc</KEYWORD1>
      <KEYWORD1>procedure</KEYWORD1>
      <KEYWORD1>put</KEYWORD1>
      <KEYWORD1>read</KEYWORD1>
      <KEYWORD1>release</KEYWORD1>
      <KEYWORD1>repeat</KEYWORD1>
      <KEYWORD1>reply</KEYWORD1>
      <KEYWORD1>resignal</KEYWORD1>
      <KEYWORD1>return</KEYWORD1>
      <KEYWORD1>revert</KEYWORD1>
      <KEYWORD1>rewrite</KEYWORD1>
      <KEYWORD1>select</KEYWORD1>
			<KEYWORD1>set</KEYWORD1>
      <KEYWORD1>signal</KEYWORD1>
			<KEYWORD1>skip</KEYWORD1>
			<KEYWORD1>snap</KEYWORD1>
      <KEYWORD1>stop</KEYWORD1>
			<KEYWORD1>string</KEYWORD1>
			<KEYWORD1>structure</KEYWORD1>
      <KEYWORD1>then</KEYWORD1>
      <KEYWORD1>thread</KEYWORD1>
      <KEYWORD1>to</KEYWORD1>
      <KEYWORD1>tstack</KEYWORD1>
      <KEYWORD1>unlock</KEYWORD1>
 			<KEYWORD1>until</KEYWORD1>
      <KEYWORD1>upthru</KEYWORD1>
      <KEYWORD1>wait</KEYWORD1>
      <KEYWORD1>when</KEYWORD1>
			<KEYWORD1>while</KEYWORD1>
      <KEYWORD1>write</KEYWORD1>

      <!-- Options & attributes -->
			<KEYWORD2>A</KEYWORD2>
			<KEYWORD2>abnormal</KEYWORD2>
			<KEYWORD2>aligned</KEYWORD2>
			<KEYWORD2>anycond</KEYWORD2>
			<KEYWORD2>anycondition</KEYWORD2>
			<KEYWORD2>area</KEYWORD2>
			<KEYWORD2>asgn</KEYWORD2>
			<KEYWORD2>asm</KEYWORD2>
			<KEYWORD2>assembler</KEYWORD2>
			<KEYWORD2>assignable</KEYWORD2>
			<KEYWORD2>attn</KEYWORD2>
			<KEYWORD2>attention</KEYWORD2>
			<KEYWORD2>auto</KEYWORD2>
			<KEYWORD2>automatic</KEYWORD2>
			<KEYWORD2>b</KEYWORD2>
			<KEYWORD2>b3</KEYWORD2>
			<KEYWORD2>b4</KEYWORD2>
			<KEYWORD2>based</KEYWORD2>
			<KEYWORD2>bigendian</KEYWORD2>
			<KEYWORD2>bin</KEYWORD2>
			<KEYWORD2>binary</KEYWORD2>
			<KEYWORD2>bit</KEYWORD2>
			<KEYWORD2>buf</KEYWORD2>
			<KEYWORD2>buffered</KEYWORD2>
			<KEYWORD2>builtin</KEYWORD2>
			<KEYWORD2>bx</KEYWORD2>
			<KEYWORD2>byaddr</KEYWORD2>
			<KEYWORD2>byvalue</KEYWORD2>
      <KEYWORD2>C</KEYWORD2>
			<KEYWORD2>cdecl</KEYWORD2>
			<KEYWORD2>cell</KEYWORD2>
			<KEYWORD2>char</KEYWORD2>
			<KEYWORD2>character</KEYWORD2>
			<KEYWORD2>charg</KEYWORD2>
			<KEYWORD2>chargraphic</KEYWORD2>
			<KEYWORD2>cobol</KEYWORD2>
			<KEYWORD2>column</KEYWORD2>
			<KEYWORD2>complex</KEYWORD2>
			<KEYWORD2>cond</KEYWORD2>
			<KEYWORD2>condition</KEYWORD2>
			<KEYWORD2>conn</KEYWORD2>
			<KEYWORD2>connected</KEYWORD2>
			<KEYWORD2>controlled</KEYWORD2>
			<KEYWORD2>conv</KEYWORD2>
			<KEYWORD2>conversion</KEYWORD2>
 			<KEYWORD2>cplx</KEYWORD2>
			<KEYWORD2>ctl</KEYWORD2>
			<KEYWORD2>data</KEYWORD2>
			<KEYWORD2>date</KEYWORD2>
			<KEYWORD2>dec</KEYWORD2>
			<KEYWORD2>decimal</KEYWORD2>
			<KEYWORD2>def</KEYWORD2>
			<KEYWORD2>defined</KEYWORD2>
			<KEYWORD2>descriptor</KEYWORD2>
			<KEYWORD2>descriptors</KEYWORD2>
			<KEYWORD2>dim</KEYWORD2>
			<KEYWORD2>dimension</KEYWORD2>
 			<KEYWORD2>direct</KEYWORD2>
			<KEYWORD2>E</KEYWORD2>
			<KEYWORD2>edit</KEYWORD2>
			<KEYWORD2>endfile</KEYWORD2>
			<KEYWORD2>endpage</KEYWORD2>
			<KEYWORD2>env</KEYWORD2>
			<KEYWORD2>environment</KEYWORD2>
			<KEYWORD2>error</KEYWORD2>
			<KEYWORD2>exclusive</KEYWORD2>
			<KEYWORD2>exports</KEYWORD2>
			<KEYWORD2>ext</KEYWORD2>
			<KEYWORD2>external</KEYWORD2>
			<KEYWORD2>F</KEYWORD2>
			<KEYWORD2>fetchable</KEYWORD2>
			<KEYWORD2>file</KEYWORD2>
			<KEYWORD2>finish</KEYWORD2>
			<KEYWORD2>fixed</KEYWORD2>
			<KEYWORD2>fixedoverflow</KEYWORD2>
			<KEYWORD2>float</KEYWORD2>
			<KEYWORD2>fofl</KEYWORD2>
			<KEYWORD2>format</KEYWORD2>
			<KEYWORD2>fortran</KEYWORD2>
			<KEYWORD2>fromalien</KEYWORD2>
			<KEYWORD2>g</KEYWORD2>
			<KEYWORD2>generic</KEYWORD2>
			<KEYWORD2>graphic</KEYWORD2>
			<KEYWORD2>gx</KEYWORD2>
			<KEYWORD2>handle</KEYWORD2>
			<KEYWORD2>hexadec</KEYWORD2>
			<KEYWORD2>ieee</KEYWORD2>
			<KEYWORD2>imported</KEYWORD2>
			<KEYWORD2>init</KEYWORD2>
			<KEYWORD2>initial</KEYWORD2>
			<KEYWORD2>inline</KEYWORD2>
			<KEYWORD2>input</KEYWORD2>
			<KEYWORD2>inter</KEYWORD2>
			<KEYWORD2>internal</KEYWORD2>
			<KEYWORD2>invalidop</KEYWORD2>
			<KEYWORD2>irred</KEYWORD2>
			<KEYWORD2>irreducible</KEYWORD2>
			<KEYWORD2>keyed</KEYWORD2>
			<KEYWORD2>L</KEYWORD2>
			<KEYWORD2>label</KEYWORD2>
			<KEYWORD2>like</KEYWORD2>
			<KEYWORD2>limited</KEYWORD2>
			<KEYWORD2>linesize</KEYWORD2>
			<KEYWORD2>linkage</KEYWORD2>
			<KEYWORD2>list</KEYWORD2>
			<KEYWORD2>littleendian</KEYWORD2>
			<KEYWORD2>m</KEYWORD2>
			<KEYWORD2>main</KEYWORD2>
			<KEYWORD2>native</KEYWORD2>
			<KEYWORD2>nonasgn</KEYWORD2>
			<KEYWORD2>nocharg</KEYWORD2>
			<KEYWORD2>nochargraphic</KEYWORD2>
			<KEYWORD2>nodescriptor</KEYWORD2>
			<KEYWORD2>noexecops</KEYWORD2>
			<KEYWORD2>nomap</KEYWORD2>
			<KEYWORD2>nomapin</KEYWORD2>
			<KEYWORD2>nomapout</KEYWORD2>
			<KEYWORD2>nonasgn</KEYWORD2>
			<KEYWORD2>nonassignable</KEYWORD2>
			<KEYWORD2>nonconn</KEYWORD2>
			<KEYWORD2>nonconnected</KEYWORD2>
			<KEYWORD2>nonnative</KEYWORD2>
			<KEYWORD2>nonvar</KEYWORD2>
			<KEYWORD2>nonvarying</KEYWORD2>
			<KEYWORD2>normal</KEYWORD2>
			<KEYWORD2>offset</KEYWORD2>
			<KEYWORD2>ofl</KEYWORD2>
			<KEYWORD2>optional</KEYWORD2>
			<KEYWORD2>options</KEYWORD2>
			<KEYWORD2>optlink</KEYWORD2>
			<KEYWORD2>order</KEYWORD2>
			<KEYWORD2>output</KEYWORD2>
			<KEYWORD2>overflow</KEYWORD2>
			<KEYWORD2>P</KEYWORD2>
			<KEYWORD2>pagesize</KEYWORD2>
			<KEYWORD2>parameter</KEYWORD2>
			<KEYWORD2>pic</KEYWORD2>
			<KEYWORD2>picture</KEYWORD2>
			<KEYWORD2>pointer</KEYWORD2>
			<KEYWORD2>pos</KEYWORD2>
			<KEYWORD2>position</KEYWORD2>
			<KEYWORD2>prec</KEYWORD2>
			<KEYWORD2>precision</KEYWORD2>
			<KEYWORD2>print</KEYWORD2>
			<KEYWORD2>ptr</KEYWORD2>
			<KEYWORD2>R</KEYWORD2>
			<KEYWORD2>range</KEYWORD2>
			<KEYWORD2>real</KEYWORD2>
			<KEYWORD2>record</KEYWORD2>
			<KEYWORD2>recursive</KEYWORD2>
			<KEYWORD2>red</KEYWORD2>
			<KEYWORD2>reducible</KEYWORD2>
			<KEYWORD2>reentrant</KEYWORD2>
			<KEYWORD2>refer</KEYWORD2>
			<KEYWORD2>reorder</KEYWORD2>
			<KEYWORD2>reserved</KEYWORD2>
			<KEYWORD2>reserves</KEYWORD2>
			<KEYWORD2>retcode</KEYWORD2>
			<KEYWORD2>returns</KEYWORD2>
			<KEYWORD2>seql</KEYWORD2>
			<KEYWORD2>sequential</KEYWORD2>
			<KEYWORD2>signed</KEYWORD2>
			<KEYWORD2>size</KEYWORD2>
			<KEYWORD2>static</KEYWORD2>
			<KEYWORD2>stdcall</KEYWORD2>
			<KEYWORD2>storage</KEYWORD2>
			<KEYWORD2>stream</KEYWORD2>
			<KEYWORD2>strg</KEYWORD2>
			<KEYWORD2>stringrange</KEYWORD2>
			<KEYWORD2>strz</KEYWORD2>
			<KEYWORD2>stringsize</KEYWORD2>
			<KEYWORD2>subrg</KEYWORD2>
			<KEYWORD2>subscriptrange</KEYWORD2>
			<KEYWORD2>system</KEYWORD2>
			<KEYWORD2>task</KEYWORD2>
			<KEYWORD2>title</KEYWORD2>
			<KEYWORD2>transmit</KEYWORD2>
			<KEYWORD2>type</KEYWORD2>
			<KEYWORD2>ufl</KEYWORD2>
			<KEYWORD2>unal</KEYWORD2>
			<KEYWORD2>unaligned</KEYWORD2>
			<KEYWORD2>unbuf</KEYWORD2>
			<KEYWORD2>unbuffered</KEYWORD2>
			<KEYWORD2>undefinedfile</KEYWORD2>
			<KEYWORD2>underflow</KEYWORD2>
			<KEYWORD2>undf</KEYWORD2>
			<KEYWORD2>union</KEYWORD2>
			<KEYWORD2>unsigned</KEYWORD2>
			<KEYWORD2>update</KEYWORD2>
			<KEYWORD2>value</KEYWORD2>
			<KEYWORD2>var</KEYWORD2>
			<KEYWORD2>variable</KEYWORD2>
			<KEYWORD2>varying</KEYWORD2>
			<KEYWORD2>varyingz</KEYWORD2>
			<KEYWORD2>varz</KEYWORD2>
			<KEYWORD2>wchar</KEYWORD2>
			<KEYWORD2>widechar</KEYWORD2>
			<KEYWORD2>winmain</KEYWORD2>
			<KEYWORD2>wx</KEYWORD2>
			<KEYWORD2>x</KEYWORD2>
			<KEYWORD2>xn</KEYWORD2>
			<KEYWORD2>xu</KEYWORD2>
			<KEYWORD2>zdiv</KEYWORD2>
			<KEYWORD2>zerodivide</KEYWORD2>

      <!-- Builtins -->
 			<KEYWORD3>abs</KEYWORD3>
 			<KEYWORD3>acos</KEYWORD3>
 			<KEYWORD3>acosf</KEYWORD3>
 			<KEYWORD3>add</KEYWORD3>
 			<KEYWORD3>addr</KEYWORD3>
 			<KEYWORD3>address</KEYWORD3>
 			<KEYWORD3>addrdata</KEYWORD3>
 			<KEYWORD3>all</KEYWORD3>
 			<KEYWORD3>allocation</KEYWORD3>
 			<KEYWORD3>allocn</KEYWORD3>
 			<KEYWORD3>allocsize</KEYWORD3>
 			<KEYWORD3>any</KEYWORD3>
 			<KEYWORD3>asin</KEYWORD3>
 			<KEYWORD3>asinf</KEYWORD3>
 			<KEYWORD3>atan</KEYWORD3>
 			<KEYWORD3>atand</KEYWORD3>
 			<KEYWORD3>atanf</KEYWORD3>
 			<KEYWORD3>atanh</KEYWORD3>
 			<KEYWORD3>availablearea</KEYWORD3>
 			<KEYWORD3>binaryvalue</KEYWORD3>
 			<KEYWORD3>bind</KEYWORD3>
 			<KEYWORD3>binvalue</KEYWORD3>
 			<KEYWORD3>bitlocation</KEYWORD3>
 			<KEYWORD3>bitloc</KEYWORD3>
 			<KEYWORD3>bool</KEYWORD3>
 			<KEYWORD3>byte</KEYWORD3>
 			<KEYWORD3>cast</KEYWORD3>
 			<KEYWORD3>cds</KEYWORD3>
 			<KEYWORD3>ceil</KEYWORD3>
 			<KEYWORD3>center</KEYWORD3>
 			<KEYWORD3>centre</KEYWORD3>
 			<KEYWORD3>centreleft</KEYWORD3>
 			<KEYWORD3>centreleft</KEYWORD3>
 			<KEYWORD3>centreright</KEYWORD3>
 			<KEYWORD3>centerright</KEYWORD3>
 			<KEYWORD3>charg</KEYWORD3>
 			<KEYWORD3>chargraphic</KEYWORD3>
 			<KEYWORD3>chargval</KEYWORD3>
 			<KEYWORD3>checkstg</KEYWORD3>
 			<KEYWORD3>collate</KEYWORD3>
 			<KEYWORD3>compare</KEYWORD3>
 			<KEYWORD3>conjg</KEYWORD3>
 			<KEYWORD3>cos</KEYWORD3>
 			<KEYWORD3>cosd</KEYWORD3>
 			<KEYWORD3>cosf</KEYWORD3>
 			<KEYWORD3>cosh</KEYWORD3>
 			<KEYWORD3>count</KEYWORD3>
 			<KEYWORD3>cs</KEYWORD3>
 			<KEYWORD3>cstg</KEYWORD3>
 			<KEYWORD3>currentsize</KEYWORD3>
 			<KEYWORD3>currentstorage</KEYWORD3>
 			<KEYWORD3>datafield</KEYWORD3>
 			<KEYWORD3>date</KEYWORD3>
 			<KEYWORD3>datetime</KEYWORD3>
 			<KEYWORD3>days</KEYWORD3>
 			<KEYWORD3>daystodate</KEYWORD3>
 			<KEYWORD3>daystosecs</KEYWORD3>
 			<KEYWORD3>divide</KEYWORD3>
 			<KEYWORD3>empty</KEYWORD3>
 			<KEYWORD3>entryaddr</KEYWORD3>
 			<KEYWORD3>epsilon</KEYWORD3>
 			<KEYWORD3>erfc</KEYWORD3>
 			<KEYWORD3>exp</KEYWORD3>
 			<KEYWORD3>expf</KEYWORD3>
 			<KEYWORD3>exponent</KEYWORD3>
 			<KEYWORD3>fileddint</KEYWORD3>
 			<KEYWORD3>fileddtest</KEYWORD3>
 			<KEYWORD3>fileddword</KEYWORD3>
 			<KEYWORD3>fileid</KEYWORD3>
 			<KEYWORD3>fileopen</KEYWORD3>
 			<KEYWORD3>fileread</KEYWORD3>
 			<KEYWORD3>fileseek</KEYWORD3>
 			<KEYWORD3>filetell</KEYWORD3>
 			<KEYWORD3>filewrite</KEYWORD3>
 			<KEYWORD3>first</KEYWORD3>
 			<KEYWORD3>floor</KEYWORD3>
 			<KEYWORD3>gamma</KEYWORD3>
 			<KEYWORD3>getenv</KEYWORD3>
 			<KEYWORD3>hbound</KEYWORD3>
 			<KEYWORD3>hex</KEYWORD3>
 			<KEYWORD3>heximage</KEYWORD3>
 			<KEYWORD3>high</KEYWORD3>
 			<KEYWORD3>huge</KEYWORD3>
 			<KEYWORD3>iand</KEYWORD3>
 			<KEYWORD3>ieor</KEYWORD3>
 			<KEYWORD3>imag</KEYWORD3>
 			<KEYWORD3>index</KEYWORD3>
 			<KEYWORD3>inot</KEYWORD3>
 			<KEYWORD3>ior</KEYWORD3>
 			<KEYWORD3>isigned</KEYWORD3>
 			<KEYWORD3>isll</KEYWORD3>
 			<KEYWORD3>ismain</KEYWORD3>
 			<KEYWORD3>isrl</KEYWORD3>
 			<KEYWORD3>iunsigned</KEYWORD3>
 			<KEYWORD3>last</KEYWORD3>
 			<KEYWORD3>lbound</KEYWORD3>
 			<KEYWORD3>left</KEYWORD3>
 			<KEYWORD3>length</KEYWORD3>
 			<KEYWORD3>lineno</KEYWORD3>
 			<KEYWORD3>loc</KEYWORD3>
 			<KEYWORD3>location</KEYWORD3>
 			<KEYWORD3>log</KEYWORD3>
 			<KEYWORD3>logf</KEYWORD3>
 			<KEYWORD3>loggamma</KEYWORD3>
 			<KEYWORD3>log2</KEYWORD3>
 			<KEYWORD3>log10</KEYWORD3>
 			<KEYWORD3>log10f</KEYWORD3>
 			<KEYWORD3>low</KEYWORD3>
 			<KEYWORD3>lowercase</KEYWORD3>
 			<KEYWORD3>lower2</KEYWORD3>
 			<KEYWORD3>max</KEYWORD3>
 			<KEYWORD3>maxexp</KEYWORD3>
 			<KEYWORD3>maxlength</KEYWORD3>
 			<KEYWORD3>min</KEYWORD3>
 			<KEYWORD3>minexp</KEYWORD3>
 			<KEYWORD3>mod</KEYWORD3>
 			<KEYWORD3>mpstr</KEYWORD3>
 			<KEYWORD3>multiply</KEYWORD3>
 			<KEYWORD3>new</KEYWORD3>
 			<KEYWORD3>null</KEYWORD3>
 			<KEYWORD3>offestadd</KEYWORD3>
 			<KEYWORD3>offestdiff</KEYWORD3>
 			<KEYWORD3>offestsubtract</KEYWORD3>
 			<KEYWORD3>offestvalue</KEYWORD3>
 			<KEYWORD3>omitted</KEYWORD3>
 			<KEYWORD3>onchar</KEYWORD3>
 			<KEYWORD3>oncode</KEYWORD3>
 			<KEYWORD3>oncondond</KEYWORD3>
 			<KEYWORD3>oncondid</KEYWORD3>
 			<KEYWORD3>oncount</KEYWORD3>
 			<KEYWORD3>onfile</KEYWORD3>
 			<KEYWORD3>ongsource</KEYWORD3>
 			<KEYWORD3>onkey</KEYWORD3>
 			<KEYWORD3>onloc</KEYWORD3>
 			<KEYWORD3>onsource</KEYWORD3>
 			<KEYWORD3>onsubcode</KEYWORD3>
 			<KEYWORD3>onwchar</KEYWORD3>
 			<KEYWORD3>onwsource</KEYWORD3>
 			<KEYWORD3>ordinalname</KEYWORD3>
 			<KEYWORD3>ordinalpred</KEYWORD3>
 			<KEYWORD3>ordinalsucc</KEYWORD3>
 			<KEYWORD3>packagename</KEYWORD3>
 			<KEYWORD3>pageno</KEYWORD3>
 			<KEYWORD3>places</KEYWORD3>
 			<KEYWORD3>pliascii</KEYWORD3>
 			<KEYWORD3>plianc</KEYWORD3>
 			<KEYWORD3>plickpt</KEYWORD3>
 			<KEYWORD3>plidelete</KEYWORD3>
 			<KEYWORD3>plidump</KEYWORD3>
 			<KEYWORD3>pliebcdic</KEYWORD3>
 			<KEYWORD3>plifill</KEYWORD3>
 			<KEYWORD3>plifree</KEYWORD3>
 			<KEYWORD3>plimove</KEYWORD3>
 			<KEYWORD3>pliover</KEYWORD3>
 			<KEYWORD3>plirest</KEYWORD3>
 			<KEYWORD3>pliretc</KEYWORD3>
 			<KEYWORD3>pliretv</KEYWORD3>
 			<KEYWORD3>plisaxa</KEYWORD3>
 			<KEYWORD3>plisaxb</KEYWORD3>
 			<KEYWORD3>plisrta</KEYWORD3>
 			<KEYWORD3>plisrtb</KEYWORD3>
 			<KEYWORD3>plisrtc</KEYWORD3>
 			<KEYWORD3>plisrtd</KEYWORD3>
 			<KEYWORD3>pointeradd</KEYWORD3>
 			<KEYWORD3>ptradd</KEYWORD3>
 			<KEYWORD3>pointerdiff</KEYWORD3>
 			<KEYWORD3>ptrdiff</KEYWORD3>
 			<KEYWORD3>pointersubtract</KEYWORD3>
 			<KEYWORD3>ptrsubtract</KEYWORD3>
 			<KEYWORD3>pointervalue</KEYWORD3>
 			<KEYWORD3>ptrvalue</KEYWORD3>
 			<KEYWORD3>poly</KEYWORD3>
 			<KEYWORD3>pred</KEYWORD3>
 			<KEYWORD3>present</KEYWORD3>
 			<KEYWORD3>procname</KEYWORD3>
 			<KEYWORD3>procedurename</KEYWORD3>
 			<KEYWORD3>prod</KEYWORD3>
 			<KEYWORD3>putenv</KEYWORD3>
 			<KEYWORD3>radix</KEYWORD3>
 			<KEYWORD3>raise</KEYWORD3>
 			<KEYWORD3>random</KEYWORD3>
 			<KEYWORD3>rank</KEYWORD3>
 			<KEYWORD3>rem</KEYWORD3>
 			<KEYWORD3>repattern</KEYWORD3>
 			<KEYWORD3>respec</KEYWORD3>
 			<KEYWORD3>reverse</KEYWORD3>
 			<KEYWORD3>right</KEYWORD3>
 			<KEYWORD3>round</KEYWORD3>
 			<KEYWORD3>samekey</KEYWORD3>
 			<KEYWORD3>scale</KEYWORD3>
 			<KEYWORD3>search</KEYWORD3>
 			<KEYWORD3>searchr</KEYWORD3>
 			<KEYWORD3>secs</KEYWORD3>
 			<KEYWORD3>secstodate</KEYWORD3>
 			<KEYWORD3>secstodays</KEYWORD3>
 			<KEYWORD3>sign</KEYWORD3>
 			<KEYWORD3>signed</KEYWORD3>
 			<KEYWORD3>sin</KEYWORD3>
 			<KEYWORD3>sind</KEYWORD3>
 			<KEYWORD3>sinf</KEYWORD3>
 			<KEYWORD3>sinh</KEYWORD3>
 			<KEYWORD3>size</KEYWORD3>
 			<KEYWORD3>sourcefile</KEYWORD3>
 			<KEYWORD3>sourceline</KEYWORD3>
 			<KEYWORD3>sqrt</KEYWORD3>
 			<KEYWORD3>sqrtf</KEYWORD3>
 			<KEYWORD3>stg</KEYWORD3>
 			<KEYWORD3>storage</KEYWORD3>
 			<KEYWORD3>string</KEYWORD3>
 			<KEYWORD3>substr</KEYWORD3>
 			<KEYWORD3>subtract</KEYWORD3>
 			<KEYWORD3>succ</KEYWORD3>
 			<KEYWORD3>sum</KEYWORD3>
 			<KEYWORD3>sysnull</KEYWORD3>
 			<KEYWORD3>tally</KEYWORD3>
 			<KEYWORD3>tan</KEYWORD3>
 			<KEYWORD3>tand</KEYWORD3>
 			<KEYWORD3>tanf</KEYWORD3>
 			<KEYWORD3>tanh</KEYWORD3>
 			<KEYWORD3>threadid</KEYWORD3>
 			<KEYWORD3>time</KEYWORD3>
 			<KEYWORD3>tiny</KEYWORD3>
 			<KEYWORD3>translate</KEYWORD3>
 			<KEYWORD3>trim</KEYWORD3>
 			<KEYWORD3>trunc</KEYWORD3>
 			<KEYWORD3>type</KEYWORD3>
 			<KEYWORD3>unallocated</KEYWORD3>
 			<KEYWORD3>unspec</KEYWORD3>
 			<KEYWORD3>uppercase</KEYWORD3>
 			<KEYWORD3>valid</KEYWORD3>
 			<KEYWORD3>validdate</KEYWORD3>
 			<KEYWORD3>varglist</KEYWORD3>
 			<KEYWORD3>vargsizer</KEYWORD3>
 			<KEYWORD3>verify</KEYWORD3>
 			<KEYWORD3>verifyr</KEYWORD3>
 			<KEYWORD3>wcharval</KEYWORD3>
 			<KEYWORD3>weekday</KEYWORD3>
 			<KEYWORD3>whigh</KEYWORD3>
 			<KEYWORD3>wlow</KEYWORD3>
 			<KEYWORD3>y4date</KEYWORD3>
 			<KEYWORD3>y4julian</KEYWORD3>
 			<KEYWORD3>y4year</KEYWORD3>

		</KEYWORDS>
	</RULES>
</MODE>
